coleta_local,dc_rs_m,sdc_00013_m,offset_medido_m,fonte,obs
2026-08-31 17:18,5.23,5.46,-0.23,DC-RS (Asthon Ponte Dom Tito),
2026-08-31 17:30,5.27,5.51,-0.24,DC-RS (Asthon Ponte Dom Tito),
2026-08-31 18:00,5.33,5.57,-0.24,DC-RS (Asthon Ponte Dom Tito),
2026-08-31 18:30,5.4,5.65,-0.25,DC-RS (Asthon Ponte Dom Tito),
2026-08-31 19:00,5.47,5.71,-0.24,DC-RS (Asthon Ponte Dom Tito),
2026-08-31 19:30,5.53,5.78,-0.25,DC-RS (Asthon Ponte Dom Tito),
2026-08-31 20:00,5.61,5.84,-0.23,DC-RS (Asthon Ponte Dom Tito),
2026-08-31 20:30,5.73,5.96,-0.23,DC-RS (Asthon Ponte Dom Tito),
2026-08-31 21:00,5.82,6.05,-0.23,DC-RS (Asthon Ponte Dom Tito),
2026-08-31 21:30,5.92,6.13,-0.21,DC-RS (Asthon Ponte Dom Tito),
2026-08-31 22:00,6.02,6.25,-0.23,DC-RS (Asthon Ponte Dom Tito),
2026-08-31 22:30,6.12,6.36,-0.24,DC-RS (Asthon Ponte Dom Tito),
2026-08-31 23:00,6.2,6.46,-0.26,DC-RS (Asthon Ponte Dom Tito),
2026-08-31 23:30,6.28,6.55,-0.27,DC-RS (Asthon Ponte Dom Tito),
2026-09-01 00:00,6.38,6.65,-0.27,DC-RS (Asthon Ponte Dom Tito),
2026-09-01 00:30,6.45,6.73,-0.28,DC-RS (Asthon Ponte Dom Tito),
2026-09-01 01:00,6.53,6.8,-0.27,DC-RS (Asthon Ponte Dom Tito),
2026-09-01 01:30,6.58,6.86,-0.28,DC-RS (Asthon Ponte Dom Tito),
2026-09-01 02:01,6.64,6.92,-0.28,DC-RS (Asthon Ponte Dom Tito),
2026-09-01 03:00,6.71,7.0,-0.29,DC-RS (Asthon Ponte Dom Tito),
2026-09-01 03:30,6.73,7.03,-0.3,DC-RS (Asthon Ponte Dom Tito),
2026-09-01 04:00,6.76,7.05,-0.29,DC-RS (Asthon Ponte Dom Tito),
2026-09-01 04:30,6.78,7.06,-0.28,DC-RS (Asthon Ponte Dom Tito),
2026-09-01 05:00,6.78,7.06,-0.28,DC-RS (Asthon Ponte Dom Tito),
2026-09-01 05:30,6.78,7.06,-0.28,DC-RS (Asthon Ponte Dom Tito),
2026-09-01 06:00,6.78,7.06,-0.28,DC-RS (Asthon Ponte Dom Tito),
2026-09-01 06:30,6.77,7.06,-0.29,DC-RS (Asthon Ponte Dom Tito),
2026-09-01 07:00,6.76,7.04,-0.28,DC-RS (Asthon Ponte Dom Tito),
2026-09-01 07:30,6.75,7.02,-0.27,DC-RS (Asthon Ponte Dom Tito),
2026-09-01 08:00,6.73,7.02,-0.29,DC-RS (Asthon Ponte Dom Tito),
2026-09-01 08:30,6.7,7.0,-0.3,DC-RS (Asthon Ponte Dom Tito),
2026-09-01 09:00,6.67,6.99,-0.32,DC-RS (Asthon Ponte Dom Tito),
2026-09-01 09:30,6.64,6.99,-0.35,DC-RS (Asthon Ponte Dom Tito),
2026-09-01 10:00,6.6,6.96,-0.36,DC-RS (Asthon Ponte Dom Tito),
2026-09-01 10:30,6.55,6.95,-0.4,DC-RS (Asthon Ponte Dom Tito),
2026-09-01 11:00,6.5,6.93,-0.43,DC-RS (Asthon Ponte Dom Tito),
2026-09-01 11:30,6.48,6.92,-0.44,DC-RS (Asthon Ponte Dom Tito),
2026-09-01 12:00,6.46,6.89,-0.43,DC-RS (Asthon Ponte Dom Tito),
2026-09-01 12:30,6.46,6.87,-0.41,DC-RS (Asthon Ponte Dom Tito),
2026-09-01 13:00,6.43,6.85,-0.42,DC-RS (Asthon Ponte Dom Tito),
2026-09-01 13:30,6.42,6.83,-0.41,DC-RS (Asthon Ponte Dom Tito),
2026-09-01 14:00,6.4,6.81,-0.41,DC-RS (Asthon Ponte Dom Tito),
2026-09-01 14:30,6.38,6.79,-0.41,DC-RS (Asthon Ponte Dom Tito),
2026-09-01 15:00,6.35,6.77,-0.42,DC-RS (Asthon Ponte Dom Tito),
2026-09-01 15:30,6.33,6.75,-0.42,DC-RS (Asthon Ponte Dom Tito),
2026-09-01 16:00,6.31,6.74,-0.43,DC-RS (Asthon Ponte Dom Tito),
2026-09-01 16:30,9.66,6.7,2.96,DC-RS (Asthon Ponte Dom Tito),
2026-09-01 17:00,12.69,6.68,6.01,DC-RS (Asthon Ponte Dom Tito),
2026-09-01 17:30,12.78,6.66,6.12,DC-RS (Asthon Ponte Dom Tito),
2026-09-01 18:00,13.29,6.64,6.65,DC-RS (Asthon Ponte Dom Tito),
2026-09-01 18:30,13.62,6.62,7.0,DC-RS (Asthon Ponte Dom Tito),
2026-09-01 19:00,13.16,6.6,6.56,DC-RS (Asthon Ponte Dom Tito),
2026-09-01 19:30,13.2,6.58,6.62,DC-RS (Asthon Ponte Dom Tito),
2026-09-01 20:00,12.88,6.56,6.32,DC-RS (Asthon Ponte Dom Tito),
2026-09-01 20:30,12.85,6.54,6.31,DC-RS (Asthon Ponte Dom Tito),
2026-09-01 21:00,12.33,6.52,5.81,DC-RS (Asthon Ponte Dom Tito),
2026-09-01 21:30,12.17,6.51,5.66,DC-RS (Asthon Ponte Dom Tito),
2026-09-01 22:00,12.24,6.49,5.75,DC-RS (Asthon Ponte Dom Tito),
2026-09-01 22:30,12.11,6.47,5.64,DC-RS (Asthon Ponte Dom Tito),
2026-09-01 23:00,12.29,6.45,5.84,DC-RS (Asthon Ponte Dom Tito),
2026-09-01 23:30,12.78,6.41,6.37,DC-RS (Asthon Ponte Dom Tito),
2026-09-02 00:00,12.15,6.41,5.74,DC-RS (Asthon Ponte Dom Tito),
2026-09-02 00:30,12.01,6.38,5.63,DC-RS (Asthon Ponte Dom Tito),
2026-09-02 01:00,11.81,6.35,5.46,DC-RS (Asthon Ponte Dom Tito),
2026-09-02 01:30,11.32,6.35,4.97,DC-RS (Asthon Ponte Dom Tito),
2026-09-02 02:00,13.32,6.33,6.99,DC-RS (Asthon Ponte Dom Tito),
2026-09-02 02:30,11.63,6.31,5.32,DC-RS (Asthon Ponte Dom Tito),
2026-09-02 03:00,12.59,6.29,6.3,DC-RS (Asthon Ponte Dom Tito),
2026-09-02 03:30,13.41,6.27,7.14,DC-RS (Asthon Ponte Dom Tito),
2026-09-02 04:00,13.37,6.24,7.13,DC-RS (Asthon Ponte Dom Tito),
2026-09-02 04:30,12.72,6.24,6.48,DC-RS (Asthon Ponte Dom Tito),
2026-09-02 05:00,13.64,6.22,7.42,DC-RS (Asthon Ponte Dom Tito),
2026-09-02 05:30,13.64,6.2,7.44,DC-RS (Asthon Ponte Dom Tito),
2026-09-02 06:00,13.62,6.18,7.44,DC-RS (Asthon Ponte Dom Tito),
2026-09-02 06:30,12.36,6.16,6.2,DC-RS (Asthon Ponte Dom Tito),
2026-09-02 07:00,13.64,6.14,7.5,DC-RS (Asthon Ponte Dom Tito),
2026-09-02 07:30,13.64,6.12,7.52,DC-RS (Asthon Ponte Dom Tito),
2026-09-02 08:00,13.64,6.1,7.54,DC-RS (Asthon Ponte Dom Tito),
2026-09-02 08:30,13.64,6.1,7.54,DC-RS (Asthon Ponte Dom Tito),
2026-09-02 09:00,0.03,6.08,-6.05,DC-RS (Asthon Ponte Dom Tito),
2026-09-02 09:30,0.03,6.06,-6.03,DC-RS (Asthon Ponte Dom Tito),
2026-09-02 10:00,5.86,6.04,-0.18,DC-RS (Asthon Ponte Dom Tito),
2026-09-02 10:30,5.84,6.02,-0.18,DC-RS (Asthon Ponte Dom Tito),
2026-09-02 11:00,5.82,5.99,-0.17,DC-RS (Asthon Ponte Dom Tito),
2026-09-02 11:30,5.8,5.99,-0.19,DC-RS (Asthon Ponte Dom Tito),
2026-09-02 12:00,5.79,5.97,-0.18,DC-RS (Asthon Ponte Dom Tito),
2026-09-02 12:30,5.77,5.95,-0.18,DC-RS (Asthon Ponte Dom Tito),
2026-09-02 13:00,5.75,5.93,-0.18,DC-RS (Asthon Ponte Dom Tito),
2026-09-02 13:30,5.73,5.91,-0.18,DC-RS (Asthon Ponte Dom Tito),
2026-09-02 14:00,5.72,5.87,-0.15,DC-RS (Asthon Ponte Dom Tito),
2026-09-02 14:30,5.7,5.87,-0.17,DC-RS (Asthon Ponte Dom Tito),
2026-09-02 15:00,5.67,5.85,-0.18,DC-RS (Asthon Ponte Dom Tito),
2026-09-02 15:30,5.65,5.81,-0.16,DC-RS (Asthon Ponte Dom Tito),
2026-09-02 16:00,5.63,5.8,-0.17,DC-RS (Asthon Ponte Dom Tito),
2026-09-02 16:30,5.61,5.78,-0.17,DC-RS (Asthon Ponte Dom Tito),
2026-09-02 17:00,5.6,5.75,-0.15,DC-RS (Asthon Ponte Dom Tito),
2026-09-02 17:30,5.58,5.74,-0.16,DC-RS (Asthon Ponte Dom Tito),
2026-09-02 18:00,5.56,5.71,-0.15,DC-RS (Asthon Ponte Dom Tito),
2026-09-02 18:30,5.54,5.68,-0.14,DC-RS (Asthon Ponte Dom Tito),
2026-09-02 19:00,5.51,5.66,-0.15,DC-RS (Asthon Ponte Dom Tito),
2026-09-02 19:30,5.49,5.64,-0.15,DC-RS (Asthon Ponte Dom Tito),
2026-09-02 20:00,5.47,5.62,-0.15,DC-RS (Asthon Ponte Dom Tito),
2026-09-02 20:30,5.44,5.59,-0.15,DC-RS (Asthon Ponte Dom Tito),
2026-09-02 21:00,5.42,5.57,-0.15,DC-RS (Asthon Ponte Dom Tito),
2026-09-02 21:30,5.39,5.54,-0.15,DC-RS (Asthon Ponte Dom Tito),
2026-09-02 22:00,5.38,5.53,-0.15,DC-RS (Asthon Ponte Dom Tito),
2026-09-02 22:30,5.37,5.53,-0.16,DC-RS (Asthon Ponte Dom Tito),
2026-09-02 23:00,5.39,5.54,-0.15,DC-RS (Asthon Ponte Dom Tito),
2026-09-02 23:30,5.41,5.56,-0.15,DC-RS (Asthon Ponte Dom Tito),
2026-09-03 00:00,5.42,5.59,-0.17,DC-RS (Asthon Ponte Dom Tito),
2026-09-03 00:30,5.44,5.6,-0.16,DC-RS (Asthon Ponte Dom Tito),
2026-09-03 01:00,5.44,5.61,-0.17,DC-RS (Asthon Ponte Dom Tito),
2026-09-03 01:30,5.46,5.61,-0.15,DC-RS (Asthon Ponte Dom Tito),
2026-09-03 02:00,5.46,5.63,-0.17,DC-RS (Asthon Ponte Dom Tito),
2026-09-03 02:30,5.46,5.63,-0.17,DC-RS (Asthon Ponte Dom Tito),
2026-09-03 03:00,5.47,5.63,-0.16,DC-RS (Asthon Ponte Dom Tito),
2026-09-03 03:30,5.46,5.62,-0.16,DC-RS (Asthon Ponte Dom Tito),
2026-09-03 04:00,5.45,5.62,-0.17,DC-RS (Asthon Ponte Dom Tito),
2026-09-03 04:30,5.45,5.61,-0.16,DC-RS (Asthon Ponte Dom Tito),
2026-09-03 05:00,5.44,5.61,-0.17,DC-RS (Asthon Ponte Dom Tito),
2026-09-03 05:30,5.43,5.6,-0.17,DC-RS (Asthon Ponte Dom Tito),
2026-09-03 06:00,5.42,5.58,-0.16,DC-RS (Asthon Ponte Dom Tito),
2026-09-03 06:30,5.39,5.57,-0.18,DC-RS (Asthon Ponte Dom Tito),
2026-09-03 07:00,5.39,5.56,-0.17,DC-RS (Asthon Ponte Dom Tito),
2026-09-03 07:30,5.37,5.54,-0.17,DC-RS (Asthon Ponte Dom Tito),
2026-09-03 08:00,5.36,5.54,-0.18,DC-RS (Asthon Ponte Dom Tito),
2026-09-03 08:30,5.35,5.52,-0.17,DC-RS (Asthon Ponte Dom Tito),
2026-09-03 09:00,5.3,5.49,-0.19,DC-RS (Asthon Ponte Dom Tito),
2026-09-03 09:30,5.29,5.47,-0.18,DC-RS (Asthon Ponte Dom Tito),
2026-09-03 10:00,5.28,5.45,-0.17,DC-RS (Asthon Ponte Dom Tito),
2026-09-03 10:30,5.26,5.43,-0.17,DC-RS (Asthon Ponte Dom Tito),
2026-09-03 11:00,5.27,5.43,-0.16,DC-RS (Asthon Ponte Dom Tito),
2026-09-03 11:30,5.25,5.43,-0.18,DC-RS (Asthon Ponte Dom Tito),
2026-09-03 12:00,5.26,5.42,-0.16,DC-RS (Asthon Ponte Dom Tito),
2026-09-03 12:30,5.27,5.42,-0.15,DC-RS (Asthon Ponte Dom Tito),
2026-09-03 13:00,5.29,5.44,-0.15,DC-RS (Asthon Ponte Dom Tito),
2026-09-03 13:30,5.28,5.45,-0.17,DC-RS (Asthon Ponte Dom Tito),
2026-09-03 14:00,5.32,5.48,-0.16,DC-RS (Asthon Ponte Dom Tito),
2026-09-03 14:30,5.33,5.48,-0.15,DC-RS (Asthon Ponte Dom Tito),
2026-09-03 15:00,5.34,5.5,-0.16,DC-RS (Asthon Ponte Dom Tito),
2026-09-03 15:30,5.36,5.5,-0.14,DC-RS (Asthon Ponte Dom Tito),
2026-09-03 16:00,5.36,5.49,-0.13,DC-RS (Asthon Ponte Dom Tito),
2026-09-03 16:30,5.36,5.51,-0.15,DC-RS (Asthon Ponte Dom Tito),
2026-09-03 17:00,5.37,5.51,-0.14,DC-RS (Asthon Ponte Dom Tito),
2026-09-03 17:30,5.37,5.51,-0.14,DC-RS (Asthon Ponte Dom Tito),
2026-09-03 18:00,5.37,5.53,-0.16,DC-RS (Asthon Ponte Dom Tito),
2026-09-03 18:30,5.36,5.53,-0.17,DC-RS (Asthon Ponte Dom Tito),
2026-09-03 19:00,5.36,5.52,-0.16,DC-RS (Asthon Ponte Dom Tito),
2026-09-03 19:30,5.36,5.52,-0.16,DC-RS (Asthon Ponte Dom Tito),
2026-09-03 20:00,5.36,5.52,-0.16,DC-RS (Asthon Ponte Dom Tito),
2026-09-03 20:30,5.35,5.52,-0.17,DC-RS (Asthon Ponte Dom Tito),
2026-09-03 21:00,5.34,5.52,-0.18,DC-RS (Asthon Ponte Dom Tito),
2026-09-03 21:30,5.34,5.49,-0.15,DC-RS (Asthon Ponte Dom Tito),
2026-09-03 22:00,5.32,5.5,-0.18,DC-RS (Asthon Ponte Dom Tito),
2026-09-03 22:30,5.31,5.49,-0.18,DC-RS (Asthon Ponte Dom Tito),
2026-09-03 23:00,5.31,5.48,-0.17,DC-RS (Asthon Ponte Dom Tito),
2026-09-03 23:30,5.3,5.47,-0.17,DC-RS (Asthon Ponte Dom Tito),
2026-09-04 00:00,5.29,5.47,-0.18,DC-RS (Asthon Ponte Dom Tito),
2026-09-04 00:30,5.29,5.45,-0.16,DC-RS (Asthon Ponte Dom Tito),
2026-09-04 01:00,5.28,5.45,-0.17,DC-RS (Asthon Ponte Dom Tito),
2026-09-04 01:30,5.27,5.44,-0.17,DC-RS (Asthon Ponte Dom Tito),
2026-09-04 02:00,5.27,5.43,-0.16,DC-RS (Asthon Ponte Dom Tito),
2026-09-04 02:30,5.26,5.43,-0.17,DC-RS (Asthon Ponte Dom Tito),
2026-09-04 03:00,5.26,5.41,-0.15,DC-RS (Asthon Ponte Dom Tito),
2026-09-04 03:30,5.25,5.41,-0.16,DC-RS (Asthon Ponte Dom Tito),
2026-09-04 04:00,5.24,5.41,-0.17,DC-RS (Asthon Ponte Dom Tito),
2026-09-04 04:30,5.24,5.41,-0.17,DC-RS (Asthon Ponte Dom Tito),
2026-09-04 05:00,5.23,5.39,-0.16,DC-RS (Asthon Ponte Dom Tito),
2026-09-04 05:30,5.23,5.39,-0.16,DC-RS (Asthon Ponte Dom Tito),
2026-09-04 06:00,5.23,5.39,-0.16,DC-RS (Asthon Ponte Dom Tito),
2026-09-04 06:30,5.21,5.37,-0.16,DC-RS (Asthon Ponte Dom Tito),
2026-09-04 07:00,5.21,5.37,-0.16,DC-RS (Asthon Ponte Dom Tito),
2026-09-04 07:30,5.21,5.37,-0.16,DC-RS (Asthon Ponte Dom Tito),
2026-09-04 08:00,5.2,5.37,-0.17,DC-RS (Asthon Ponte Dom Tito),
2026-09-04 08:30,5.19,5.37,-0.18,DC-RS (Asthon Ponte Dom Tito),
2026-09-04 09:00,5.19,5.35,-0.16,DC-RS (Asthon Ponte Dom Tito),
2026-09-04 09:30,5.18,5.35,-0.17,DC-RS (Asthon Ponte Dom Tito),
2026-09-04 10:00,5.18,5.34,-0.16,DC-RS (Asthon Ponte Dom Tito),
2026-09-04 10:30,5.19,5.34,-0.15,DC-RS (Asthon Ponte Dom Tito),
2026-09-04 11:00,5.18,5.34,-0.16,DC-RS (Asthon Ponte Dom Tito),
2026-09-04 11:30,5.19,5.34,-0.15,DC-RS (Asthon Ponte Dom Tito),
2026-09-04 12:00,5.17,5.34,-0.17,DC-RS (Asthon Ponte Dom Tito),
2026-09-04 12:30,5.19,5.34,-0.15,DC-RS (Asthon Ponte Dom Tito),
2026-09-04 13:00,5.18,5.34,-0.16,DC-RS (Asthon Ponte Dom Tito),
2026-09-04 13:30,5.19,5.34,-0.15,DC-RS (Asthon Ponte Dom Tito),
2026-09-04 14:00,5.19,5.34,-0.15,DC-RS (Asthon Ponte Dom Tito),
2026-09-04 14:30,5.2,5.34,-0.14,DC-RS (Asthon Ponte Dom Tito),
2026-09-04 15:00,5.2,5.34,-0.14,DC-RS (Asthon Ponte Dom Tito),
2026-09-04 15:30,5.21,5.34,-0.13,DC-RS (Asthon Ponte Dom Tito),
2026-09-04 16:00,5.21,5.35,-0.14,DC-RS (Asthon Ponte Dom Tito),
2026-09-04 16:30,5.23,5.35,-0.12,DC-RS (Asthon Ponte Dom Tito),
2026-09-04 17:00,5.22,5.36,-0.14,DC-RS (Asthon Ponte Dom Tito),
2026-09-04 17:30,5.22,5.38,-0.16,DC-RS (Asthon Ponte Dom Tito),
2026-09-04 18:00,5.24,5.38,-0.14,DC-RS (Asthon Ponte Dom Tito),
2026-09-04 18:30,5.23,5.38,-0.15,DC-RS (Asthon Ponte Dom Tito),
2026-09-04 19:00,5.25,5.39,-0.14,DC-RS (Asthon Ponte Dom Tito),
2026-09-04 19:30,5.25,5.39,-0.14,DC-RS (Asthon Ponte Dom Tito),
2026-09-04 20:00,5.25,5.39,-0.14,DC-RS (Asthon Ponte Dom Tito),
2026-09-04 20:30,5.26,5.4,-0.14,DC-RS (Asthon Ponte Dom Tito),
2026-09-04 21:00,5.26,5.4,-0.14,DC-RS (Asthon Ponte Dom Tito),
2026-09-04 21:30,5.26,5.4,-0.14,DC-RS (Asthon Ponte Dom Tito),
2026-09-04 22:00,5.26,5.4,-0.14,DC-RS (Asthon Ponte Dom Tito),
2026-09-04 22:30,5.27,5.4,-0.13,DC-RS (Asthon Ponte Dom Tito),
2026-09-04 23:00,5.26,5.41,-0.15,DC-RS (Asthon Ponte Dom Tito),
2026-09-04 23:30,5.26,5.42,-0.16,DC-RS (Asthon Ponte Dom Tito),
2026-09-05 00:00,5.27,5.42,-0.15,DC-RS (Asthon Ponte Dom Tito),
2026-09-05 00:30,5.27,5.4,-0.13,DC-RS (Asthon Ponte Dom Tito),
2026-09-05 01:00,5.26,5.42,-0.16,DC-RS (Asthon Ponte Dom Tito),
2026-09-05 01:30,5.26,5.42,-0.16,DC-RS (Asthon Ponte Dom Tito),
2026-09-05 02:00,5.27,5.42,-0.15,DC-RS (Asthon Ponte Dom Tito),
2026-09-05 02:30,5.27,5.43,-0.16,DC-RS (Asthon Ponte Dom Tito),
2026-09-05 03:00,5.27,5.42,-0.15,DC-RS (Asthon Ponte Dom Tito),
2026-09-05 03:30,5.25,5.41,-0.16,DC-RS (Asthon Ponte Dom Tito),
2026-09-05 04:00,5.26,5.42,-0.16,DC-RS (Asthon Ponte Dom Tito),
2026-09-05 04:30,5.26,5.42,-0.16,DC-RS (Asthon Ponte Dom Tito),
2026-09-05 05:00,5.25,5.42,-0.17,DC-RS (Asthon Ponte Dom Tito),
2026-09-05 05:30,5.26,5.42,-0.16,DC-RS (Asthon Ponte Dom Tito),
2026-09-05 06:00,5.25,5.42,-0.17,DC-RS (Asthon Ponte Dom Tito),
2026-09-05 06:30,5.26,5.41,-0.15,DC-RS (Asthon Ponte Dom Tito),
2026-09-05 07:00,5.25,5.41,-0.16,DC-RS (Asthon Ponte Dom Tito),
2026-09-05 07:30,5.25,5.41,-0.16,DC-RS (Asthon Ponte Dom Tito),
2026-09-05 08:00,5.24,5.41,-0.17,DC-RS (Asthon Ponte Dom Tito),
2026-09-05 08:30,5.23,5.41,-0.18,DC-RS (Asthon Ponte Dom Tito),
2026-09-05 09:00,5.24,5.41,-0.17,DC-RS (Asthon Ponte Dom Tito),
2026-09-05 09:30,5.23,5.41,-0.18,DC-RS (Asthon Ponte Dom Tito),
2026-09-05 10:00,5.23,5.39,-0.16,DC-RS (Asthon Ponte Dom Tito),
2026-09-05 10:30,5.23,5.39,-0.16,DC-RS (Asthon Ponte Dom Tito),
2026-09-05 11:00,5.23,5.39,-0.16,DC-RS (Asthon Ponte Dom Tito),
2026-09-05 11:30,5.22,5.37,-0.15,DC-RS (Asthon Ponte Dom Tito),
2026-09-05 12:00,5.22,5.37,-0.15,DC-RS (Asthon Ponte Dom Tito),
2026-09-05 12:30,5.21,5.37,-0.16,DC-RS (Asthon Ponte Dom Tito),
2026-09-05 13:00,5.2,5.37,-0.17,DC-RS (Asthon Ponte Dom Tito),
2026-09-05 13:30,5.2,5.37,-0.17,DC-RS (Asthon Ponte Dom Tito),
2026-09-05 14:00,5.2,5.37,-0.17,DC-RS (Asthon Ponte Dom Tito),
2026-09-05 14:30,5.2,5.36,-0.16,DC-RS (Asthon Ponte Dom Tito),
2026-09-05 15:00,5.19,5.36,-0.17,DC-RS (Asthon Ponte Dom Tito),
2026-09-05 15:30,5.19,5.35,-0.16,DC-RS (Asthon Ponte Dom Tito),
2026-09-05 16:00,5.19,5.35,-0.16,DC-RS (Asthon Ponte Dom Tito),
2026-09-05 16:30,5.19,5.35,-0.16,DC-RS (Asthon Ponte Dom Tito),
2026-09-05 17:00,5.19,5.36,-0.17,DC-RS (Asthon Ponte Dom Tito),
2026-09-05 17:30,5.2,5.35,-0.15,DC-RS (Asthon Ponte Dom Tito),
2026-09-05 18:00,5.19,5.36,-0.17,DC-RS (Asthon Ponte Dom Tito),
2026-09-05 18:30,5.2,5.36,-0.16,DC-RS (Asthon Ponte Dom Tito),
2026-09-05 19:00,5.21,5.36,-0.15,DC-RS (Asthon Ponte Dom Tito),
2026-09-05 19:30,5.21,5.36,-0.15,DC-RS (Asthon Ponte Dom Tito),
2026-09-05 20:00,5.2,5.36,-0.16,DC-RS (Asthon Ponte Dom Tito),
2026-09-05 20:30,5.21,5.36,-0.15,DC-RS (Asthon Ponte Dom Tito),
2026-09-05 21:00,5.21,5.36,-0.15,DC-RS (Asthon Ponte Dom Tito),
2026-09-05 21:30,5.2,5.36,-0.16,DC-RS (Asthon Ponte Dom Tito),
2026-09-05 22:00,5.21,5.36,-0.15,DC-RS (Asthon Ponte Dom Tito),
2026-09-05 22:30,5.21,5.36,-0.15,DC-RS (Asthon Ponte Dom Tito),
2026-09-05 23:00,5.19,5.36,-0.17,DC-RS (Asthon Ponte Dom Tito),
2026-09-05 23:30,5.2,5.36,-0.16,DC-RS (Asthon Ponte Dom Tito),
2026-09-06 00:00,5.19,5.36,-0.17,DC-RS (Asthon Ponte Dom Tito),
2026-09-06 00:30,5.19,5.36,-0.17,DC-RS (Asthon Ponte Dom Tito),
2026-09-06 01:00,5.19,5.35,-0.16,DC-RS (Asthon Ponte Dom Tito),
2026-09-06 01:30,5.19,5.35,-0.16,DC-RS (Asthon Ponte Dom Tito),
2026-09-06 02:00,5.18,5.35,-0.17,DC-RS (Asthon Ponte Dom Tito),
2026-09-06 02:30,5.18,5.35,-0.17,DC-RS (Asthon Ponte Dom Tito),
2026-09-06 03:00,5.17,5.35,-0.18,DC-RS (Asthon Ponte Dom Tito),
2026-09-06 03:30,5.17,5.33,-0.16,DC-RS (Asthon Ponte Dom Tito),
2026-09-06 04:00,5.17,5.33,-0.16,DC-RS (Asthon Ponte Dom Tito),
2026-09-06 04:30,5.15,5.33,-0.18,DC-RS (Asthon Ponte Dom Tito),
2026-09-06 05:00,5.15,5.33,-0.18,DC-RS (Asthon Ponte Dom Tito),
2026-09-06 05:30,5.15,5.31,-0.16,DC-RS (Asthon Ponte Dom Tito),
2026-09-06 06:00,5.14,5.31,-0.17,DC-RS (Asthon Ponte Dom Tito),
2026-09-06 06:30,5.13,5.31,-0.18,DC-RS (Asthon Ponte Dom Tito),
2026-09-06 07:00,5.13,5.29,-0.16,DC-RS (Asthon Ponte Dom Tito),
2026-09-06 07:30,5.13,5.29,-0.16,DC-RS (Asthon Ponte Dom Tito),
2026-09-06 08:00,5.11,5.29,-0.18,DC-RS (Asthon Ponte Dom Tito),
2026-09-06 08:30,5.12,5.29,-0.17,DC-RS (Asthon Ponte Dom Tito),
2026-09-06 09:00,5.1,5.27,-0.17,DC-RS (Asthon Ponte Dom Tito),
2026-09-06 09:30,5.1,5.27,-0.17,DC-RS (Asthon Ponte Dom Tito),
2026-09-06 10:00,5.09,5.26,-0.17,DC-RS (Asthon Ponte Dom Tito),
2026-09-06 10:30,5.09,5.25,-0.16,DC-RS (Asthon Ponte Dom Tito),
2026-09-06 11:00,5.09,5.25,-0.16,DC-RS (Asthon Ponte Dom Tito),
2026-09-06 11:30,5.08,5.24,-0.16,DC-RS (Asthon Ponte Dom Tito),
2026-09-06 12:00,5.07,5.24,-0.17,DC-RS (Asthon Ponte Dom Tito),
2026-09-06 12:30,5.06,5.22,-0.16,DC-RS (Asthon Ponte Dom Tito),
2026-09-06 13:00,5.06,5.22,-0.16,DC-RS (Asthon Ponte Dom Tito),
2026-09-06 13:30,5.05,5.22,-0.17,DC-RS (Asthon Ponte Dom Tito),
2026-09-06 14:00,5.05,5.21,-0.16,DC-RS (Asthon Ponte Dom Tito),
2026-09-06 14:30,5.06,5.21,-0.15,DC-RS (Asthon Ponte Dom Tito),
2026-09-06 15:00,5.06,5.21,-0.15,DC-RS (Asthon Ponte Dom Tito),
2026-09-06 15:30,5.06,5.21,-0.15,DC-RS (Asthon Ponte Dom Tito),
2026-09-06 16:00,5.06,5.21,-0.15,DC-RS (Asthon Ponte Dom Tito),
2026-09-06 16:30,5.07,5.23,-0.16,DC-RS (Asthon Ponte Dom Tito),
2026-09-06 17:00,5.08,5.23,-0.15,DC-RS (Asthon Ponte Dom Tito),
2026-09-06 17:30,5.08,5.24,-0.16,DC-RS (Asthon Ponte Dom Tito),
2026-09-06 18:00,5.1,5.25,-0.15,DC-RS (Asthon Ponte Dom Tito),
2026-09-06 18:30,5.1,5.25,-0.15,DC-RS (Asthon Ponte Dom Tito),
2026-09-06 19:00,5.1,5.25,-0.15,DC-RS (Asthon Ponte Dom Tito),
2026-09-06 19:30,5.11,5.26,-0.15,DC-RS (Asthon Ponte Dom Tito),
2026-09-06 20:00,5.11,5.26,-0.15,DC-RS (Asthon Ponte Dom Tito),
2026-09-06 20:30,5.11,5.26,-0.15,DC-RS (Asthon Ponte Dom Tito),
2026-09-06 21:00,5.11,5.26,-0.15,DC-RS (Asthon Ponte Dom Tito),
2026-09-06 21:30,5.11,5.26,-0.15,DC-RS (Asthon Ponte Dom Tito),
2026-09-06 22:00,5.11,5.26,-0.15,DC-RS (Asthon Ponte Dom Tito),
2026-09-06 22:30,5.11,5.26,-0.15,DC-RS (Asthon Ponte Dom Tito),
2026-09-06 23:00,5.11,5.26,-0.15,DC-RS (Asthon Ponte Dom Tito),
2026-09-06 23:30,5.11,5.28,-0.17,DC-RS (Asthon Ponte Dom Tito),
2026-09-07 00:00,5.11,5.28,-0.17,DC-RS (Asthon Ponte Dom Tito),
2026-09-07 00:30,5.11,5.28,-0.17,DC-RS (Asthon Ponte Dom Tito),
2026-09-07 01:00,5.12,5.28,-0.16,DC-RS (Asthon Ponte Dom Tito),
2026-09-07 01:30,5.12,5.28,-0.16,DC-RS (Asthon Ponte Dom Tito),
2026-09-07 02:00,5.13,5.28,-0.15,DC-RS (Asthon Ponte Dom Tito),
2026-09-07 02:30,5.12,5.28,-0.16,DC-RS (Asthon Ponte Dom Tito),
2026-09-07 03:00,5.11,5.28,-0.17,DC-RS (Asthon Ponte Dom Tito),
2026-09-07 03:30,5.11,5.28,-0.17,DC-RS (Asthon Ponte Dom Tito),
2026-09-07 04:00,5.12,5.28,-0.16,DC-RS (Asthon Ponte Dom Tito),
2026-09-07 04:30,5.12,5.27,-0.15,DC-RS (Asthon Ponte Dom Tito),
2026-09-07 05:00,5.11,5.27,-0.16,DC-RS (Asthon Ponte Dom Tito),
2026-09-07 05:30,5.11,5.27,-0.16,DC-RS (Asthon Ponte Dom Tito),
2026-09-07 06:00,5.11,5.27,-0.16,DC-RS (Asthon Ponte Dom Tito),
2026-09-07 06:30,5.09,5.27,-0.18,DC-RS (Asthon Ponte Dom Tito),
2026-09-07 07:00,5.09,5.24,-0.15,DC-RS (Asthon Ponte Dom Tito),
2026-09-07 07:30,5.07,5.24,-0.17,DC-RS (Asthon Ponte Dom Tito),
2026-09-07 08:00,5.05,5.2,-0.15,DC-RS (Asthon Ponte Dom Tito),
2026-09-07 08:30,5.01,5.16,-0.15,DC-RS (Asthon Ponte Dom Tito),
2026-09-07 09:00,4.95,5.1,-0.15,DC-RS (Asthon Ponte Dom Tito),
2026-09-07 09:15,4.91,5.06,-0.15,DC-RS (Asthon Ponte Dom Tito),
2026-09-07 09:30,4.88,5.02,-0.14,DC-RS (Asthon Ponte Dom Tito),
2026-09-07 10:00,4.8,4.95,-0.15,DC-RS (Asthon Ponte Dom Tito),
2026-09-07 10:30,4.71,4.86,-0.15,DC-RS (Asthon Ponte Dom Tito),
2026-09-07 11:00,4.63,4.75,-0.12,DC-RS (Asthon Ponte Dom Tito),
2026-09-07 11:30,4.45,4.66,-0.21,DC-RS (Asthon Ponte Dom Tito),
2026-09-07 12:00,4.44,4.58,-0.14,DC-RS (Asthon Ponte Dom Tito),
2026-09-07 12:30,4.36,4.49,-0.13,DC-RS (Asthon Ponte Dom Tito),
2026-09-07 13:00,4.28,4.41,-0.13,DC-RS (Asthon Ponte Dom Tito),
2026-09-07 13:30,4.2,4.33,-0.13,DC-RS (Asthon Ponte Dom Tito),
2026-09-07 14:00,4.12,4.26,-0.14,DC-RS (Asthon Ponte Dom Tito),
2026-09-07 14:30,4.06,4.18,-0.12,DC-RS (Asthon Ponte Dom Tito),
2026-09-07 15:00,3.99,4.12,-0.13,DC-RS (Asthon Ponte Dom Tito),
2026-09-07 15:30,3.91,4.04,-0.13,DC-RS (Asthon Ponte Dom Tito),
2026-09-07 16:00,3.85,3.98,-0.13,DC-RS (Asthon Ponte Dom Tito),
2026-09-07 16:30,3.8,3.94,-0.14,DC-RS (Asthon Ponte Dom Tito),
2026-09-07 17:00,3.77,3.9,-0.13,DC-RS (Asthon Ponte Dom Tito),
2026-09-07 17:30,3.73,3.87,-0.14,DC-RS (Asthon Ponte Dom Tito),
2026-09-07 18:00,3.69,3.83,-0.14,DC-RS (Asthon Ponte Dom Tito),
2026-09-07 18:30,3.66,3.79,-0.13,DC-RS (Asthon Ponte Dom Tito),
2026-09-07 19:00,3.63,3.77,-0.14,DC-RS (Asthon Ponte Dom Tito),
2026-09-07 19:30,3.61,3.75,-0.14,DC-RS (Asthon Ponte Dom Tito),
2026-09-07 20:00,3.58,3.71,-0.13,DC-RS (Asthon Ponte Dom Tito),
2026-09-07 20:30,3.56,3.69,-0.13,DC-RS (Asthon Ponte Dom Tito),
2026-09-07 21:00,3.54,3.67,-0.13,DC-RS (Asthon Ponte Dom Tito),
2026-09-07 21:30,3.51,3.65,-0.14,DC-RS (Asthon Ponte Dom Tito),
2026-09-07 22:00,3.5,3.63,-0.13,DC-RS (Asthon Ponte Dom Tito),
2026-09-07 22:30,3.48,3.6,-0.12,DC-RS (Asthon Ponte Dom Tito),
2026-09-07 23:00,3.46,3.6,-0.14,DC-RS (Asthon Ponte Dom Tito),
2026-09-07 23:30,3.46,3.6,-0.14,DC-RS (Asthon Ponte Dom Tito),
2026-09-08 00:00,3.52,3.65,-0.13,DC-RS (Asthon Ponte Dom Tito),
2026-09-08 00:30,3.62,3.75,-0.13,DC-RS (Asthon Ponte Dom Tito),
2026-09-08 01:00,3.75,3.88,-0.13,DC-RS (Asthon Ponte Dom Tito),
2026-09-08 01:30,3.86,4.01,-0.15,DC-RS (Asthon Ponte Dom Tito),
2026-09-08 02:00,3.97,4.11,-0.14,DC-RS (Asthon Ponte Dom Tito),
2026-09-08 02:30,4.08,4.21,-0.13,DC-RS (Asthon Ponte Dom Tito),
2026-09-08 03:00,4.16,4.3,-0.14,DC-RS (Asthon Ponte Dom Tito),
2026-09-08 03:30,4.24,4.38,-0.14,DC-RS (Asthon Ponte Dom Tito),
2026-09-08 04:00,4.3,4.44,-0.14,DC-RS (Asthon Ponte Dom Tito),
2026-09-08 04:30,4.36,4.51,-0.15,DC-RS (Asthon Ponte Dom Tito),
2026-09-08 05:00,4.41,4.55,-0.14,DC-RS (Asthon Ponte Dom Tito),
2026-09-08 05:30,4.44,4.59,-0.15,DC-RS (Asthon Ponte Dom Tito),
2026-09-08 06:00,4.46,4.63,-0.17,DC-RS (Asthon Ponte Dom Tito),
2026-09-08 06:30,4.46,4.67,-0.21,DC-RS (Asthon Ponte Dom Tito),
2026-09-08 07:00,4.46,4.69,-0.23,DC-RS (Asthon Ponte Dom Tito),
2026-09-08 07:30,4.46,4.71,-0.25,DC-RS (Asthon Ponte Dom Tito),
2026-09-08 08:00,4.58,4.73,-0.15,DC-RS (Asthon Ponte Dom Tito),
2026-09-08 08:30,4.59,4.73,-0.14,DC-RS (Asthon Ponte Dom Tito),
2026-09-08 09:00,4.61,4.76,-0.15,DC-RS (Asthon Ponte Dom Tito),
2026-09-08 09:30,4.61,4.76,-0.15,DC-RS (Asthon Ponte Dom Tito),
2026-09-08 10:00,4.62,4.76,-0.14,DC-RS (Asthon Ponte Dom Tito),
2026-09-08 10:30,4.63,4.78,-0.15,DC-RS (Asthon Ponte Dom Tito),
2026-09-08 11:00,4.63,4.78,-0.15,DC-RS (Asthon Ponte Dom Tito),
2026-09-08 11:30,4.63,4.78,-0.15,DC-RS (Asthon Ponte Dom Tito),
2026-09-08 12:00,4.62,4.78,-0.16,DC-RS (Asthon Ponte Dom Tito),
2026-09-08 12:30,4.63,4.78,-0.15,DC-RS (Asthon Ponte Dom Tito),
2026-09-08 13:00,4.61,4.77,-0.16,DC-RS (Asthon Ponte Dom Tito),
2026-09-08 13:30,4.61,4.77,-0.16,DC-RS (Asthon Ponte Dom Tito),
2026-09-08 14:00,4.61,4.77,-0.16,DC-RS (Asthon Ponte Dom Tito),
2026-09-08 14:30,4.6,4.75,-0.15,DC-RS (Asthon Ponte Dom Tito),
2026-09-08 15:00,4.59,4.74,-0.15,DC-RS (Asthon Ponte Dom Tito),
2026-09-08 15:30,4.59,4.74,-0.15,DC-RS (Asthon Ponte Dom Tito),
2026-09-08 16:00,4.58,4.72,-0.14,DC-RS (Asthon Ponte Dom Tito),
2026-09-08 16:30,4.57,4.72,-0.15,DC-RS (Asthon Ponte Dom Tito),
2026-09-08 17:00,4.56,4.7,-0.14,DC-RS (Asthon Ponte Dom Tito),
2026-09-08 17:30,4.51,4.7,-0.19,DC-RS (Asthon Ponte Dom Tito),
2026-09-08 18:00,4.45,4.7,-0.25,DC-RS (Asthon Ponte Dom Tito),
2026-09-08 18:30,4.45,4.68,-0.23,DC-RS (Asthon Ponte Dom Tito),
2026-09-08 19:00,4.45,4.68,-0.23,DC-RS (Asthon Ponte Dom Tito),
2026-09-08 19:30,4.46,4.66,-0.2,DC-RS (Asthon Ponte Dom Tito),
2026-09-08 20:00,4.46,4.64,-0.18,DC-RS (Asthon Ponte Dom Tito),
2026-09-08 20:30,4.46,4.64,-0.18,DC-RS (Asthon Ponte Dom Tito),
2026-09-08 21:00,4.46,4.62,-0.16,DC-RS (Asthon Ponte Dom Tito),
2026-09-08 21:30,4.45,4.62,-0.17,DC-RS (Asthon Ponte Dom Tito),
2026-09-08 22:00,4.45,4.6,-0.15,DC-RS (Asthon Ponte Dom Tito),
2026-09-08 22:30,4.43,4.59,-0.16,DC-RS (Asthon Ponte Dom Tito),
2026-09-08 23:00,4.42,4.58,-0.16,DC-RS (Asthon Ponte Dom Tito),
2026-09-08 23:30,4.4,4.58,-0.18,DC-RS (Asthon Ponte Dom Tito),
2026-09-09 00:00,4.4,4.56,-0.16,DC-RS (Asthon Ponte Dom Tito),
2026-09-09 00:30,4.38,4.54,-0.16,DC-RS (Asthon Ponte Dom Tito),
2026-09-09 01:00,4.37,4.54,-0.17,DC-RS (Asthon Ponte Dom Tito),
2026-09-09 01:30,4.36,4.52,-0.16,DC-RS (Asthon Ponte Dom Tito),
2026-09-09 02:00,4.34,4.5,-0.16,DC-RS (Asthon Ponte Dom Tito),
2026-09-09 02:30,4.33,4.49,-0.16,DC-RS (Asthon Ponte Dom Tito),
2026-09-09 03:00,4.31,4.47,-0.16,DC-RS (Asthon Ponte Dom Tito),
2026-09-09 03:30,4.3,4.47,-0.17,DC-RS (Asthon Ponte Dom Tito),
2026-09-09 04:00,4.29,4.45,-0.16,DC-RS (Asthon Ponte Dom Tito),
2026-09-09 04:30,4.28,4.43,-0.15,DC-RS (Asthon Ponte Dom Tito),
2026-09-09 05:00,4.25,4.41,-0.16,DC-RS (Asthon Ponte Dom Tito),
2026-09-09 05:30,4.24,4.39,-0.15,DC-RS (Asthon Ponte Dom Tito),
2026-09-09 06:00,4.22,4.39,-0.17,DC-RS (Asthon Ponte Dom Tito),
2026-09-09 06:30,4.22,4.37,-0.15,DC-RS (Asthon Ponte Dom Tito),
2026-09-09 07:00,4.18,4.35,-0.17,DC-RS (Asthon Ponte Dom Tito),
2026-09-09 07:30,4.17,4.33,-0.16,DC-RS (Asthon Ponte Dom Tito),
2026-09-09 08:00,4.14,4.29,-0.15,DC-RS (Asthon Ponte Dom Tito),
2026-09-09 08:30,4.12,4.27,-0.15,DC-RS (Asthon Ponte Dom Tito),
2026-09-09 09:00,4.09,4.24,-0.15,DC-RS (Asthon Ponte Dom Tito),
2026-09-09 09:30,4.03,4.18,-0.15,DC-RS (Asthon Ponte Dom Tito),
2026-09-09 10:00,3.98,4.14,-0.16,DC-RS (Asthon Ponte Dom Tito),
2026-09-09 10:30,3.92,4.08,-0.16,DC-RS (Asthon Ponte Dom Tito),
2026-09-09 11:00,3.87,4.02,-0.15,DC-RS (Asthon Ponte Dom Tito),
2026-09-09 11:30,3.82,3.98,-0.16,DC-RS (Asthon Ponte Dom Tito),
2026-09-09 12:00,3.76,3.9,-0.14,DC-RS (Asthon Ponte Dom Tito),
2026-09-09 12:30,3.71,3.85,-0.14,DC-RS (Asthon Ponte Dom Tito),
2026-09-09 13:00,3.65,3.79,-0.14,DC-RS (Asthon Ponte Dom Tito),
2026-09-09 13:30,3.59,3.73,-0.14,DC-RS (Asthon Ponte Dom Tito),
2026-09-09 14:00,3.54,3.69,-0.15,DC-RS (Asthon Ponte Dom Tito),
2026-09-09 14:30,3.48,3.62,-0.14,DC-RS (Asthon Ponte Dom Tito),
2026-09-09 15:00,3.43,3.58,-0.15,DC-RS (Asthon Ponte Dom Tito),
2026-09-09 15:30,3.38,3.54,-0.16,DC-RS (Asthon Ponte Dom Tito),
2026-09-09 16:00,3.34,3.48,-0.14,DC-RS (Asthon Ponte Dom Tito),
2026-09-09 16:30,3.3,3.44,-0.14,DC-RS (Asthon Ponte Dom Tito),
2026-09-09 17:00,3.26,3.4,-0.14,DC-RS (Asthon Ponte Dom Tito),
2026-09-09 17:30,3.22,3.35,-0.13,DC-RS (Asthon Ponte Dom Tito),
2026-09-09 18:00,3.18,3.33,-0.15,DC-RS (Asthon Ponte Dom Tito),
2026-09-09 18:30,3.16,3.29,-0.13,DC-RS (Asthon Ponte Dom Tito),
2026-09-09 19:00,3.12,3.25,-0.13,DC-RS (Asthon Ponte Dom Tito),
2026-09-09 19:30,3.09,3.23,-0.14,DC-RS (Asthon Ponte Dom Tito),
2026-09-09 20:00,3.07,3.19,-0.12,DC-RS (Asthon Ponte Dom Tito),
2026-09-09 20:30,3.04,3.17,-0.13,DC-RS (Asthon Ponte Dom Tito),
2026-09-09 21:00,3.02,3.15,-0.13,DC-RS (Asthon Ponte Dom Tito),
2026-09-09 21:30,2.99,3.12,-0.13,DC-RS (Asthon Ponte Dom Tito),
2026-09-09 22:00,2.97,3.1,-0.13,DC-RS (Asthon Ponte Dom Tito),
2026-09-09 22:30,2.95,3.08,-0.13,DC-RS (Asthon Ponte Dom Tito),
