coleta_local,00087 Alfredo Wagner,00125 Rio do Campo,00025 Agrolandia,00067 Aurora,00065 Salete,00035 Trombudo Central,00086 Atalanta,00085 Ituporanga H,00039 Ituporanga,00038 Barragem Sul,00066 Taio montante,00171 Taio H,00041 Taio,00040 Barragem Oeste,00162 Mirim Doce,00022 Rio do Oeste,00179 Rio do Oeste novo,00033 Pouso Redondo,00031 Laurentino,00001 Agronomica,00146 Petrolandia,00013 Rio do Sul
2026-08-29 21:30,455.58,575.62,0.94,342.52,399.66,25.83,912.47,362.04,3.17,17.45,376.76,340.0,1.96,2.9,348.62,,332.17,1.62,32.06,3.23,876.71,3.83
2026-08-29 22:00,455.85,575.63,0.92,342.52,399.66,25.83,912.43,362.03,3.19,17.44,376.76,339.99,1.98,2.9,348.61,,332.2,1.6,32.06,3.21,876.72,3.83
2026-08-29 22:30,456.59,575.63,0.92,342.5,399.66,25.83,912.41,362.05,3.19,17.56,376.72,339.94,1.98,2.9,348.62,,332.21,1.6,32.06,3.17,876.71,3.83
2026-08-29 23:00,456.39,575.63,0.91,342.48,399.67,25.83,912.39,362.01,3.19,17.44,376.76,339.95,1.98,2.9,348.61,,332.23,1.58,32.06,3.15,876.71,3.83
2026-08-29 23:30,456.26,575.64,0.93,342.49,399.67,25.83,912.37,362.03,3.19,17.49,376.76,339.93,1.97,2.9,348.61,,332.25,1.58,32.06,3.12,876.71,3.83
2026-08-30 00:00,456.14,575.62,0.91,342.49,399.66,25.83,912.36,362.04,3.19,17.5,376.76,339.88,1.97,2.9,348.6,,332.26,1.56,32.06,3.08,876.66,3.83
2026-08-30 00:30,456.09,575.61,0.91,342.48,399.67,25.83,912.35,362.01,3.17,17.72,376.76,339.89,1.97,2.9,348.62,,332.28,1.56,32.06,3.06,876.71,3.81
2026-08-30 01:00,456.05,575.62,0.9,342.47,399.67,25.83,912.34,362.04,3.17,17.54,376.76,339.85,1.95,2.9,348.6,,332.29,1.56,32.06,3.02,876.72,3.81
2026-08-30 01:30,456.05,575.62,0.88,342.47,399.67,26.74,912.32,362.03,3.17,17.67,376.74,339.87,1.95,2.9,348.59,,332.29,1.54,32.06,2.98,876.69,3.81
2026-08-30 02:00,456.07,575.64,0.86,342.46,399.66,32.06,912.31,361.98,3.17,17.77,376.76,339.84,1.95,2.9,348.57,,332.31,1.52,36.35,2.96,876.7,3.81
2026-08-30 02:30,456.05,575.63,0.88,342.46,399.67,32.06,912.3,362.03,3.17,17.45,376.77,339.84,1.93,2.9,348.6,,332.31,1.52,36.35,2.92,876.71,3.81
2026-08-30 03:00,456.01,575.63,0.86,342.47,399.67,32.06,912.29,362.02,3.17,17.47,376.77,339.84,1.93,2.9,348.59,,332.32,1.52,36.35,2.9,876.69,3.81
2026-08-30 03:30,455.97,575.63,0.86,342.46,399.67,32.06,912.29,362.01,3.17,17.47,376.77,339.8,1.93,2.9,348.59,,332.34,1.52,36.35,2.87,876.69,3.79
2026-08-30 04:00,456.0,575.62,0.84,342.45,399.67,32.06,912.27,362.01,3.17,17.46,376.78,339.83,1.91,2.9,348.58,,332.34,1.52,36.35,2.85,876.7,3.79
2026-08-30 04:30,455.97,575.63,0.84,342.45,399.66,32.06,912.26,362.01,3.17,17.48,376.77,339.83,1.91,2.9,348.55,,332.34,1.52,36.35,2.83,876.69,3.75
2026-08-30 05:00,455.97,575.63,0.84,342.45,399.67,32.06,912.24,361.98,3.19,17.47,376.75,339.82,1.91,2.9,348.57,,332.35,1.52,36.35,2.81,876.7,3.75
2026-08-30 05:30,455.95,575.64,0.84,342.45,399.68,32.06,912.23,362.0,3.19,17.49,376.77,339.82,1.89,2.9,348.59,,332.35,1.52,36.35,2.79,876.69,3.73
2026-08-30 06:00,455.93,575.63,0.82,342.44,399.67,32.06,912.22,362.01,3.19,17.49,376.77,339.84,1.89,2.9,348.58,,332.36,1.5,36.35,2.77,876.69,3.73
2026-08-30 06:30,455.92,575.63,0.82,342.44,399.66,32.06,912.21,362.01,3.21,17.5,376.77,339.82,1.89,2.9,348.57,,332.38,1.5,36.35,2.75,876.7,3.73
2026-08-30 07:00,455.93,575.63,0.82,342.44,399.67,32.08,912.2,361.98,3.21,17.46,376.75,339.83,1.87,2.9,348.56,,332.38,1.48,37.15,2.73,876.7,3.73
2026-08-30 07:30,455.98,575.63,0.84,342.44,399.65,32.79,912.19,362.01,3.21,17.44,376.76,339.83,1.87,2.9,348.56,,332.39,1.5,40.79,2.71,876.69,3.72
2026-08-30 08:00,455.99,575.61,0.84,342.44,399.67,33.33,912.18,362.02,3.23,17.44,376.74,339.84,1.87,2.9,348.61,,332.39,1.5,40.86,2.71,876.69,3.72
2026-08-30 08:30,455.99,575.62,0.84,342.44,399.67,34.28,912.17,362.02,3.23,17.44,376.76,339.82,1.87,2.9,348.61,,332.42,1.5,43.26,2.69,876.71,3.72
2026-08-30 09:00,456.02,575.63,0.85,342.44,399.64,36.29,912.18,362.02,3.23,17.43,376.78,339.88,1.87,2.9,348.59,,332.42,1.52,43.65,2.67,876.7,3.72
2026-08-30 09:30,456.02,575.63,0.87,342.44,399.66,38.93,912.17,362.02,3.23,17.54,376.79,339.85,1.87,2.9,348.61,,332.43,1.52,45.15,2.65,876.72,3.72
2026-08-30 10:00,456.0,575.63,0.91,342.45,399.68,39.79,912.18,362.04,3.21,17.55,376.76,339.72,1.87,2.9,348.6,,332.44,1.54,45.26,2.65,876.79,3.72
2026-08-30 10:30,456.07,575.63,0.95,342.43,399.68,42.79,912.18,362.04,2.72,17.45,376.79,339.47,1.89,2.9,348.62,,332.45,1.54,46.78,2.62,876.94,3.72
2026-08-30 11:00,456.13,575.64,1.01,342.46,399.69,44.56,912.25,362.02,2.15,17.42,376.75,339.3,1.89,2.9,348.62,,332.45,1.57,47.38,2.62,876.94,3.72
2026-08-30 11:30,456.24,575.62,1.09,342.47,399.71,44.99,912.28,361.94,1.68,17.41,376.81,339.15,1.87,2.9,348.62,,332.46,1.57,47.85,2.6,876.89,3.72
2026-08-30 12:00,456.29,575.65,1.11,342.46,399.74,46.98,912.34,361.83,1.35,17.42,376.82,339.07,1.85,2.9,348.66,,332.45,1.61,50.51,2.6,876.91,3.72
2026-08-30 12:30,456.28,575.66,1.13,342.45,399.72,47.95,912.41,361.73,1.18,17.41,376.82,339.0,1.81,2.9,348.67,,332.45,1.65,51.38,2.6,876.85,3.72
2026-08-30 13:00,456.29,575.67,1.13,342.4,399.76,49.17,912.48,361.63,1.12,17.43,376.85,338.95,1.79,2.9,348.67,,332.47,1.69,52.4,2.6,876.83,3.74
2026-08-30 13:30,456.33,575.65,1.11,342.32,399.78,52.06,912.54,361.55,1.1,17.4,376.84,338.91,1.77,2.9,348.69,,332.47,1.79,54.63,2.6,876.85,3.74
2026-08-30 14:00,456.34,575.72,1.11,342.26,399.82,53.88,912.61,361.5,1.08,17.44,376.82,338.9,1.75,2.9,348.68,,332.48,1.92,57.4,2.63,876.85,3.74
2026-08-30 14:30,456.36,575.74,1.13,342.21,399.85,56.07,912.68,361.43,1.08,17.41,376.89,338.89,1.75,2.9,348.74,,332.48,2.1,59.91,2.65,876.88,3.72
2026-08-30 15:00,456.35,575.79,1.13,342.15,399.87,57.1,912.76,361.43,1.07,17.42,376.87,338.89,1.75,2.9,348.76,,332.48,2.25,60.45,2.71,876.9,3.7
2026-08-30 15:30,456.35,575.84,1.15,342.11,399.89,57.65,912.82,361.4,1.07,17.41,376.85,338.9,1.75,2.9,348.79,,332.48,2.33,61.04,2.75,876.92,3.68
2026-08-30 16:00,456.33,575.87,1.15,342.06,399.9,57.72,912.9,361.39,1.09,17.41,377.05,338.87,1.75,2.9,348.83,,332.5,2.37,61.04,2.83,876.87,3.64
2026-08-30 16:30,456.31,575.95,1.15,342.04,399.89,57.72,912.94,361.38,1.09,17.44,377.08,338.88,1.75,2.9,348.83,,332.49,2.38,61.04,2.9,876.87,3.62
2026-08-30 17:00,456.25,576.02,1.15,342.02,399.9,57.81,912.96,361.37,1.09,17.42,377.09,338.92,1.77,5.8,348.85,,332.5,2.4,61.18,2.98,876.87,3.6
2026-08-30 17:30,456.27,576.04,1.13,342.0,399.9,57.81,912.98,361.37,1.09,17.4,377.09,338.96,1.79,5.8,348.87,,332.51,2.44,61.18,3.06,876.83,3.56
2026-08-30 18:00,456.22,576.08,1.13,341.99,399.89,57.81,912.99,361.37,1.07,17.43,377.04,338.96,1.82,5.8,348.85,,332.52,2.46,61.18,3.13,876.83,3.52
2026-08-30 18:30,456.2,576.12,1.11,341.99,399.88,57.81,913.0,361.36,1.06,17.44,377.04,339.01,1.86,5.8,348.87,,332.52,2.49,61.18,3.21,876.84,3.47
2026-08-30 19:00,456.15,576.14,1.11,341.97,399.88,57.81,913.01,361.36,1.06,17.42,377.03,339.05,1.9,5.8,348.89,,332.54,2.49,61.18,3.27,876.83,3.45
2026-08-30 19:30,456.1,576.16,1.11,341.97,399.86,57.9,913.0,361.36,1.06,17.42,377.04,339.12,1.94,5.8,348.88,,332.54,2.49,62.31,3.35,876.79,3.43
2026-08-30 20:00,456.09,576.18,1.11,341.97,399.88,57.9,913.0,361.34,1.06,17.5,377.04,339.17,1.98,6.67,348.87,,332.56,2.45,62.31,3.4,876.84,3.41
2026-08-30 20:30,456.06,576.2,1.11,341.97,399.86,57.9,912.98,361.33,1.04,17.51,377.02,339.23,2.04,6.76,348.89,,332.57,2.41,62.31,3.46,876.79,3.39
2026-08-30 21:00,456.01,576.19,1.09,341.95,399.87,57.9,912.95,361.32,1.04,17.59,377.12,339.29,2.08,6.88,348.88,,332.57,2.37,62.31,3.5,876.8,3.37
2026-08-30 21:30,456.01,576.21,1.09,341.95,399.87,57.9,912.91,361.3,1.04,17.42,377.22,339.32,2.13,6.96,348.87,,332.57,2.31,62.31,3.54,876.81,3.35
2026-08-30 22:00,455.92,576.2,1.09,341.94,399.85,57.93,912.88,361.3,1.04,17.39,377.24,339.35,2.19,7.07,348.89,,332.58,2.27,62.36,3.58,876.81,3.35
2026-08-30 22:30,455.96,576.24,1.1,341.91,399.87,59.78,912.83,361.27,1.04,17.38,377.29,339.38,2.25,7.17,348.89,,332.6,2.17,63.31,3.6,876.79,3.35
2026-08-30 23:00,455.92,576.23,1.08,341.92,399.85,71.82,912.8,361.25,1.04,17.41,377.32,339.39,2.31,7.32,348.89,,332.63,2.52,74.37,3.63,876.81,3.32
2026-08-30 23:30,455.97,576.25,1.09,341.91,399.88,75.16,912.78,361.26,1.04,17.37,377.36,339.42,2.35,7.44,348.9,,332.64,2.48,77.81,3.69,876.84,3.38
2026-08-31 00:00,456.01,576.29,1.11,341.95,399.9,75.33,912.76,361.27,1.04,17.39,377.36,339.45,2.4,7.57,349.02,,332.66,2.44,78.58,3.75,876.86,3.4
2026-08-31 00:30,456.05,576.31,1.13,341.98,399.92,75.33,912.75,361.27,1.06,17.48,377.4,339.48,2.44,7.71,349.02,,332.69,2.42,78.58,3.79,876.86,3.4
2026-08-31 01:00,456.06,576.3,1.12,341.99,399.97,76.52,912.72,361.27,1.06,17.57,377.4,339.49,2.48,7.84,349.02,,332.71,2.44,79.06,3.85,876.86,3.42
2026-08-31 01:30,456.08,576.33,1.14,342.0,400.0,76.76,912.75,361.27,1.06,17.66,377.43,339.53,2.52,7.96,349.08,,332.73,2.54,79.21,3.88,876.82,3.44
2026-08-31 02:00,456.08,576.3,1.14,341.99,400.04,76.76,912.76,361.28,1.07,17.75,377.42,339.54,2.56,8.08,349.12,,332.76,2.65,79.21,3.92,876.82,3.46
2026-08-31 02:30,456.06,576.34,1.14,341.98,400.05,76.76,912.78,361.28,1.09,17.85,377.44,339.57,2.58,8.2,349.08,,332.79,2.73,79.21,3.94,876.85,3.48
2026-08-31 03:00,456.08,576.34,1.14,341.97,400.04,76.76,912.81,361.29,1.09,17.94,377.45,339.59,2.63,8.33,349.11,,332.82,2.77,79.21,3.94,876.84,3.5
2026-08-31 03:30,456.08,576.36,1.14,342.0,400.01,76.94,912.84,361.3,1.09,18.03,377.49,339.61,2.67,8.45,349.07,,332.85,2.81,80.05,3.96,876.84,3.52
2026-08-31 04:00,456.06,576.37,1.12,342.02,399.98,76.94,912.88,361.32,1.09,18.12,377.51,339.64,2.69,8.56,349.07,,332.89,2.85,80.32,3.96,876.83,3.52
2026-08-31 04:30,456.06,576.38,1.12,342.02,399.97,77.39,912.91,361.32,1.07,18.2,377.48,339.67,2.75,8.66,349.07,,332.94,2.92,81.58,3.96,876.81,3.54
2026-08-31 05:00,456.06,576.39,1.1,342.03,399.93,77.93,912.95,361.32,1.07,18.3,377.48,339.71,2.79,8.76,349.07,,332.97,2.98,81.58,3.96,876.81,3.54
2026-08-31 05:30,456.0,576.39,1.1,342.03,399.87,77.93,912.98,361.32,1.06,18.37,377.51,339.76,2.83,8.87,349.1,,333.01,3.02,81.58,3.98,876.79,3.56
2026-08-31 06:00,456.02,576.37,1.08,342.03,399.89,77.93,913.0,361.32,1.06,18.45,377.55,339.84,2.88,8.97,349.06,,333.04,3.02,81.58,3.98,876.79,3.56
2026-08-31 06:30,456.03,576.41,1.08,342.06,399.88,78.75,913.0,361.31,1.06,18.53,377.54,339.9,2.94,9.06,349.09,,333.1,2.98,81.58,4.01,876.8,3.58
2026-08-31 07:00,456.05,576.4,1.08,342.03,399.95,80.36,912.99,361.29,1.06,18.61,377.52,340.01,3.08,9.17,349.09,,333.17,2.94,86.88,4.03,876.8,3.58
2026-08-31 07:30,456.09,576.38,1.08,342.04,400.0,85.99,912.98,361.28,1.04,18.69,377.61,340.13,3.19,9.31,349.08,,333.23,2.92,90.85,4.05,876.81,3.62
2026-08-31 08:00,456.13,576.41,1.12,342.03,400.1,91.11,912.98,361.28,1.06,18.77,377.64,340.21,3.29,9.42,349.06,,333.28,2.92,95.63,4.09,876.83,3.63
2026-08-31 08:30,456.21,576.42,1.18,342.04,400.24,95.12,912.97,361.27,1.07,18.86,377.68,340.31,3.38,9.56,349.08,,333.35,2.92,101.48,4.15,876.91,3.67
2026-08-31 09:00,456.37,576.4,1.27,342.06,400.34,97.11,912.99,361.28,1.09,18.94,377.71,340.33,3.48,9.67,349.1,,333.42,2.92,105.15,4.19,876.98,3.73
2026-08-31 09:30,456.47,576.45,1.4,342.07,400.44,101.24,913.02,361.28,1.17,19.03,377.84,340.42,3.54,9.83,349.09,,333.5,2.96,111.25,4.25,877.06,3.79
2026-08-31 10:00,456.49,576.47,1.44,342.18,400.46,104.9,913.09,361.35,1.25,19.15,377.93,340.55,3.73,9.95,349.13,,333.62,3.06,120.91,4.3,877.07,3.87
2026-08-31 10:30,456.54,576.5,1.44,342.25,400.47,106.82,913.14,361.35,1.29,19.23,377.91,340.72,3.83,10.1,349.26,,333.7,3.21,123.16,4.38,877.06,3.98
2026-08-31 11:00,456.62,576.52,1.43,342.29,400.44,111.69,913.24,361.45,1.31,19.36,377.9,340.88,3.96,10.25,349.31,,333.81,3.5,124.15,4.44,877.06,4.09
2026-08-31 11:30,456.6,576.56,1.43,342.32,400.47,1.61,913.32,361.51,1.29,19.48,377.88,341.05,4.05,10.35,349.3,,333.91,3.75,3.44,4.5,877.02,4.21
2026-08-31 12:00,456.63,576.55,1.38,342.38,400.43,1.69,913.43,361.61,1.27,19.6,377.88,341.25,4.17,10.45,349.29,,334.01,3.96,3.54,4.59,877.02,4.32
2026-08-31 12:30,456.59,576.57,1.44,342.44,400.34,1.75,913.56,361.66,1.25,19.74,377.95,341.48,4.28,10.51,349.26,,334.1,4.15,3.63,4.69,877.01,4.44
2026-08-31 13:00,456.58,576.58,1.46,342.5,400.33,1.77,913.64,361.72,1.23,19.87,377.97,341.62,4.4,10.6,349.25,,334.22,4.3,3.71,4.76,877.06,4.57
2026-08-31 13:30,456.56,576.58,1.5,342.56,400.29,1.79,913.72,361.75,1.23,19.99,377.99,341.79,4.51,10.7,349.28,,334.32,4.44,3.81,4.86,877.09,4.67
2026-08-31 14:00,456.51,576.6,1.55,342.64,400.25,1.79,913.81,361.79,1.25,20.14,377.98,341.91,4.63,10.79,349.28,,334.42,4.61,3.9,4.97,877.06,4.78
2026-08-31 14:30,456.49,576.67,1.56,342.66,400.27,1.82,913.88,361.81,1.25,20.28,378.0,342.01,4.73,10.88,349.34,,334.53,4.78,4.01,5.09,877.06,4.9
2026-08-31 15:00,456.45,576.67,1.52,342.69,400.27,1.86,913.96,361.82,1.27,20.43,378.15,342.09,4.82,10.94,349.38,,334.63,4.92,4.11,5.17,877.1,5.0
2026-08-31 15:30,456.45,576.64,1.56,342.69,400.33,1.88,914.02,361.81,1.27,20.58,378.13,342.13,4.9,11.03,349.4,,334.7,5.05,4.21,5.28,877.09,5.11
2026-08-31 16:00,456.42,576.69,1.53,342.72,400.35,1.9,914.06,361.81,1.27,20.7,378.18,342.14,4.98,11.14,349.47,,334.75,5.13,4.32,5.35,877.06,5.23
2026-08-31 16:07,456.38,576.64,1.56,342.72,400.36,1.9,914.09,361.81,1.27,20.74,378.2,342.17,5.0,11.17,349.49,,334.85,5.15,4.34,5.37,877.04,5.26
2026-08-31 16:30,456.34,576.67,1.54,342.72,400.39,1.9,914.12,361.8,1.25,20.83,378.16,342.21,5.05,11.22,349.56,,334.94,5.21,4.4,5.43,877.06,5.32
2026-08-31 17:00,456.34,576.68,1.54,342.7,400.39,1.92,914.17,361.81,1.25,20.97,378.27,342.22,5.11,11.31,349.66,,335.04,5.24,4.51,5.53,877.07,5.42
2026-08-31 17:18,456.34,576.66,1.57,342.69,400.39,1.92,914.18,361.81,1.25,21.04,378.32,342.25,5.15,11.37,349.78,,335.09,5.24,4.57,5.59,877.12,5.46
2026-08-31 17:30,456.35,576.64,1.57,342.69,400.43,1.92,914.18,361.8,1.25,21.09,378.34,342.25,5.17,11.39,349.78,,335.13,5.24,4.61,5.6,877.16,5.51
2026-08-31 18:00,456.33,576.68,1.56,342.69,400.48,1.92,914.25,361.8,1.23,21.2,378.39,342.33,5.23,11.5,349.88,,335.25,5.22,4.71,5.69,877.19,5.57
2026-08-31 18:30,456.39,576.68,1.61,342.69,400.47,1.9,914.26,361.81,1.23,21.31,378.42,342.37,5.28,11.59,349.93,,335.35,5.17,4.8,5.76,877.17,5.65
2026-08-31 19:00,456.41,576.69,1.62,342.65,400.58,1.9,914.3,361.77,1.25,21.42,378.48,342.44,5.34,11.7,349.97,,335.45,5.15,4.9,5.82,877.18,5.71
2026-08-31 19:30,456.44,576.7,1.69,342.66,400.58,1.9,914.31,361.79,1.27,21.54,378.49,342.49,5.42,11.81,349.95,,335.56,5.1,4.98,5.88,877.22,5.78
2026-08-31 20:00,456.41,576.7,1.73,342.66,400.62,1.93,914.33,361.79,1.31,21.66,378.54,342.61,5.51,11.92,350.1,,335.66,5.08,5.07,5.89,877.23,5.84
2026-08-31 20:30,456.47,576.68,1.77,342.69,400.82,1.93,914.33,361.81,1.36,21.79,378.64,342.75,5.59,12.04,350.11,,335.78,5.08,5.21,5.98,877.23,5.96
2026-08-31 21:00,456.47,576.71,1.8,342.75,400.94,1.98,914.36,361.85,1.42,21.92,378.68,342.92,5.71,12.16,350.2,,335.89,5.08,5.34,6.07,877.3,6.05
2026-08-31 21:30,456.53,576.73,1.77,342.82,401.09,2.0,914.37,361.87,1.46,22.06,378.93,343.06,5.8,12.26,350.32,,336.0,5.11,5.44,6.13,877.28,6.13
2026-08-31 22:00,456.52,576.7,1.76,342.84,401.14,2.04,914.37,361.93,1.46,22.2,379.04,343.19,5.92,12.41,350.3,,336.09,5.1,5.55,6.21,877.26,6.25
2026-08-31 22:30,456.53,576.76,1.76,342.86,401.21,2.08,914.4,361.97,1.44,22.37,379.03,343.34,6.03,12.56,350.32,,336.19,5.17,5.63,6.3,877.23,6.36
2026-08-31 23:00,456.54,576.78,1.76,342.89,401.08,2.12,914.42,362.0,1.41,22.5,379.03,343.46,6.13,12.66,350.39,,336.25,5.21,5.73,6.4,877.22,6.46
2026-08-31 23:30,456.53,576.8,1.74,342.95,400.88,2.15,914.43,362.03,1.39,22.62,378.94,343.63,6.23,12.81,350.36,,336.32,5.25,5.82,6.46,877.19,6.55
2026-09-01 00:00,456.54,576.77,1.72,342.98,400.75,2.19,914.45,362.04,1.35,22.76,378.93,343.74,6.34,12.92,350.36,,336.42,5.28,5.88,6.55,877.17,6.65
2026-09-01 00:30,456.5,576.84,1.69,342.97,400.65,2.17,914.47,362.03,1.33,22.89,378.91,343.87,6.44,13.04,350.38,,336.48,5.3,5.96,6.61,877.14,6.73
2026-09-01 01:00,456.48,576.83,1.68,342.97,400.6,2.19,914.49,362.03,1.31,23.01,378.87,343.97,6.53,13.17,350.36,,336.56,5.29,6.03,6.67,877.15,6.8
2026-09-01 01:30,456.43,576.81,1.65,342.95,400.54,2.17,914.5,362.02,1.3,23.12,378.81,344.07,6.61,13.26,350.37,,336.63,5.24,6.1,6.71,877.12,6.86
2026-09-01 02:01,456.4,576.8,1.61,342.93,400.49,2.15,914.52,361.98,1.28,23.25,379.0,344.17,6.69,13.38,350.37,,336.7,5.2,6.17,6.76,877.09,6.92
2026-09-01 03:00,456.33,576.84,1.59,342.86,400.41,2.08,914.53,361.91,1.24,23.46,378.93,344.29,6.84,13.58,350.4,,336.82,5.06,6.28,6.83,877.08,7.0
2026-09-01 03:30,456.32,576.81,1.57,342.83,400.39,2.04,914.53,361.88,1.24,23.57,378.95,344.32,6.92,13.67,350.38,,336.88,4.99,6.34,6.84,877.08,7.03
2026-09-01 04:00,456.28,576.88,1.57,342.83,400.33,2.02,914.53,361.86,1.24,23.67,378.97,344.34,6.98,13.76,350.33,,336.94,4.89,6.4,6.86,877.07,7.05
2026-09-01 04:30,456.25,576.86,1.57,342.78,400.34,1.97,914.51,361.82,1.22,23.76,379.01,344.33,7.03,13.87,350.31,,336.99,4.83,6.44,6.88,877.06,7.06
2026-09-01 05:00,456.24,576.88,1.59,342.74,400.26,1.95,914.49,361.79,1.22,23.83,378.92,344.3,7.07,13.95,350.35,,337.04,4.74,6.48,6.88,877.05,7.06
2026-09-01 05:30,456.23,576.87,1.58,342.71,400.24,1.91,914.47,361.77,1.22,23.92,378.84,344.25,7.09,14.06,350.31,,337.1,4.68,6.51,6.89,877.04,7.06
2026-09-01 06:00,456.23,576.93,1.58,342.66,400.23,1.89,914.43,361.75,1.2,23.99,378.95,344.21,7.13,14.16,350.28,,337.16,4.6,6.54,6.89,877.07,7.06
2026-09-01 06:30,456.2,576.87,1.54,342.65,400.21,1.88,914.38,361.7,1.2,24.06,379.02,344.18,7.13,14.25,350.2,,337.2,4.54,6.57,6.89,877.04,7.06
2026-09-01 07:00,456.19,576.9,1.52,342.62,400.18,1.85,914.33,361.68,1.2,24.14,378.96,344.13,7.15,14.35,350.28,,337.24,4.49,6.59,6.9,877.01,7.04
2026-09-01 07:30,456.14,576.85,1.51,342.58,400.17,1.82,914.28,361.67,1.2,24.2,378.98,344.12,7.15,14.42,350.23,,337.29,4.45,6.63,6.9,877.01,7.02
2026-09-01 08:00,456.12,576.97,1.51,342.55,400.17,1.79,914.22,361.64,1.2,24.26,379.03,344.09,7.16,14.51,350.2,,337.34,4.39,6.65,6.89,877.01,7.02
2026-09-01 08:30,456.13,576.98,1.5,342.54,400.19,1.79,914.16,361.62,1.2,24.33,378.85,344.06,7.17,14.6,350.12,,337.38,4.35,6.69,6.89,877.0,7.0
2026-09-01 09:00,456.11,576.95,1.49,342.54,400.14,1.77,914.1,361.62,1.18,24.38,379.01,344.05,7.16,14.7,350.03,,337.42,4.29,6.71,6.9,876.94,6.99
2026-09-01 09:30,456.08,576.98,1.49,342.5,400.16,1.75,914.02,361.59,1.18,24.45,379.04,344.03,7.16,14.79,350.02,,337.44,4.25,6.73,6.88,876.98,6.99
2026-09-01 10:00,456.05,576.95,1.47,342.46,400.12,1.73,913.94,361.59,1.16,24.51,378.97,344.03,7.16,14.87,349.91,,337.47,4.22,6.75,6.87,876.97,6.96
2026-09-01 10:30,456.07,577.0,1.49,342.43,400.14,1.71,913.86,361.56,1.16,24.57,378.94,344.0,7.16,14.92,349.91,,337.53,4.18,6.75,6.86,876.98,6.95
2026-09-01 11:00,456.07,576.97,1.46,342.45,400.11,1.71,913.8,361.55,1.16,24.61,378.89,343.97,7.16,15.01,349.87,,337.53,4.14,6.78,6.85,876.99,6.93
2026-09-01 11:30,456.07,576.98,1.49,342.43,400.11,1.69,913.7,361.53,1.16,24.7,378.82,343.95,7.14,15.1,349.74,,337.56,4.11,6.79,6.83,876.95,6.92
2026-09-01 12:00,456.05,577.0,1.46,342.41,400.07,1.68,913.62,361.53,1.16,24.73,378.83,343.94,7.12,15.19,349.67,,337.59,4.08,6.8,6.81,876.95,6.89
2026-09-01 12:30,456.05,576.95,1.44,342.38,400.06,1.66,913.55,361.51,1.16,24.78,378.76,343.91,7.12,15.26,349.58,,337.64,4.04,6.8,6.81,876.95,6.87
2026-09-01 13:00,455.99,576.94,1.43,342.37,400.06,1.66,913.49,361.51,1.16,24.84,378.77,343.87,7.1,15.35,349.55,,337.67,4.02,6.81,6.79,876.93,6.85
2026-09-01 13:30,455.97,576.86,1.43,342.34,400.07,1.64,913.42,361.49,1.15,24.89,378.7,343.86,7.08,15.42,349.51,,337.7,3.98,6.81,6.77,876.95,6.83
2026-09-01 14:00,455.97,576.91,1.41,342.33,400.06,1.64,913.37,361.48,1.15,24.93,378.69,343.86,7.06,15.51,349.41,,337.73,3.94,6.84,6.77,876.91,6.81
2026-09-01 14:30,455.99,576.92,1.43,342.33,400.03,1.62,913.34,361.48,1.15,24.97,378.58,343.84,7.06,15.58,349.38,,337.75,3.92,6.84,6.75,876.92,6.79
2026-09-01 15:00,455.98,576.82,1.39,342.34,400.06,1.6,913.3,361.46,1.15,25.02,378.65,343.84,7.04,15.66,349.37,,337.77,3.88,6.84,6.74,876.92,6.77
2026-09-01 15:30,455.95,576.83,1.39,342.32,400.03,1.6,913.27,361.45,1.13,25.05,378.58,343.8,7.02,15.72,349.34,,337.81,3.87,6.84,6.72,876.89,6.75
2026-09-01 16:00,455.93,576.85,1.37,342.31,400.02,1.59,913.23,361.44,1.13,25.12,378.52,343.78,6.99,15.76,349.32,,337.83,3.83,6.84,6.7,876.9,6.74
2026-09-01 16:30,455.95,576.78,1.37,342.28,400.03,1.57,913.21,361.44,1.13,25.15,378.47,343.75,6.97,15.85,349.34,,337.87,3.81,6.86,6.68,876.9,6.7
2026-09-01 17:00,455.94,576.74,1.37,342.28,400.01,1.57,913.18,361.42,1.13,25.18,378.46,343.72,6.95,15.92,349.36,,337.89,3.77,6.86,6.66,876.88,6.68
2026-09-01 17:30,455.95,576.77,1.36,342.26,400.02,1.56,913.14,361.4,1.13,25.21,378.41,343.72,6.93,15.97,349.29,,337.92,3.75,6.86,6.65,876.9,6.66
2026-09-01 18:00,455.88,576.69,1.36,342.32,400.02,1.54,913.12,361.4,1.13,25.25,378.45,343.68,6.89,16.03,349.27,,337.94,3.71,6.86,6.64,876.88,6.64
2026-09-01 18:30,455.88,576.71,1.32,342.3,400.0,1.54,913.08,361.4,1.13,25.29,378.38,343.63,6.87,16.09,349.27,,337.96,3.67,6.86,6.62,876.87,6.62
2026-09-01 19:00,455.92,576.7,1.32,342.28,400.01,1.54,913.06,361.38,1.13,25.33,378.32,343.6,6.83,16.14,349.21,,337.98,3.65,6.86,6.6,876.85,6.6
2026-09-01 19:30,455.89,576.68,1.3,342.22,400.0,1.52,913.04,361.37,1.13,25.37,378.32,343.57,6.79,16.2,349.21,,338.01,3.62,6.86,6.58,876.85,6.58
2026-09-01 20:00,455.87,576.67,1.27,342.17,399.98,1.52,913.01,361.37,1.13,25.41,378.3,343.54,6.75,16.26,349.13,,338.04,3.58,6.86,6.56,876.85,6.56
2026-09-01 20:30,455.87,576.7,1.28,342.14,400.0,1.52,912.99,361.36,1.13,25.43,378.28,343.52,6.72,16.29,349.17,,338.06,3.56,6.87,6.54,876.84,6.54
2026-09-01 21:00,455.85,576.64,1.27,342.12,399.97,1.5,912.97,361.36,1.13,25.47,378.21,343.47,6.68,16.35,349.11,,338.08,3.52,6.87,6.52,876.83,6.52
2026-09-01 21:30,455.88,576.64,1.28,342.09,399.97,1.49,912.95,361.35,1.13,25.51,378.16,343.42,6.66,16.39,349.11,,338.1,3.5,6.87,6.49,876.85,6.51
2026-09-01 22:00,455.85,576.66,1.29,342.1,399.96,1.49,912.94,361.34,1.13,25.54,378.12,343.38,6.6,16.44,349.09,,338.12,3.46,6.87,6.47,876.84,6.49
2026-09-01 22:30,455.79,576.65,1.28,342.09,399.98,1.48,912.91,361.33,1.13,25.57,378.12,343.33,6.56,16.48,349.11,,338.13,3.42,6.87,6.45,876.83,6.47
2026-09-01 23:00,455.81,576.59,1.28,342.08,399.96,1.48,912.91,361.33,1.13,25.6,378.1,343.3,6.52,16.53,349.12,,338.14,3.4,6.86,6.41,876.83,6.45
2026-09-01 23:30,455.79,576.59,1.26,342.08,399.97,1.46,912.88,361.33,1.13,25.64,378.07,343.25,6.47,16.56,349.12,,338.16,3.35,6.86,6.39,876.82,6.41
2026-09-02 00:00,455.84,576.53,1.26,342.06,399.96,1.46,912.87,361.33,1.11,25.66,378.03,343.21,6.43,16.59,349.09,,338.17,3.33,6.85,6.37,876.83,6.41
2026-09-02 00:30,455.82,576.51,1.27,342.05,399.93,1.45,912.86,361.31,1.11,25.7,378.01,343.18,6.39,16.64,349.1,,338.18,3.29,6.85,6.34,876.82,6.38
2026-09-02 01:00,455.84,576.52,1.24,342.05,399.94,1.45,912.85,361.31,1.11,25.73,377.98,343.12,6.33,16.67,349.11,,338.19,3.25,6.84,6.32,876.83,6.35
2026-09-02 01:30,455.81,576.54,1.24,342.03,399.96,1.43,912.83,361.31,1.11,25.76,377.98,343.08,6.29,16.7,349.12,,338.2,3.21,6.83,6.29,876.82,6.35
2026-09-02 02:00,455.79,576.49,1.24,342.02,399.94,1.42,912.81,361.3,1.11,25.78,377.92,343.02,6.24,16.73,349.09,,338.2,3.17,6.83,6.27,876.81,6.33
2026-09-02 02:30,455.82,576.45,1.22,342.02,399.94,1.42,912.8,361.3,1.11,25.82,377.89,342.97,6.18,16.76,349.08,,338.21,3.12,6.81,6.24,876.79,6.31
2026-09-02 03:00,455.77,576.47,1.22,342.0,399.94,1.4,912.79,361.3,1.11,25.84,377.85,342.93,6.13,16.79,349.06,,338.22,3.08,6.81,6.22,876.79,6.29
2026-09-02 03:30,455.78,576.43,1.23,341.99,399.94,1.4,912.78,361.3,1.11,25.86,377.9,342.87,6.08,16.82,349.07,,338.22,3.04,6.79,6.19,876.8,6.27
2026-09-02 04:00,455.77,576.41,1.21,341.99,399.94,1.38,912.77,361.28,1.11,25.9,377.83,342.83,6.04,16.85,349.05,,338.22,3.0,6.79,6.18,876.8,6.24
2026-09-02 04:30,455.77,576.39,1.21,341.98,399.94,1.38,912.75,361.28,1.11,25.93,377.83,342.76,5.97,16.87,349.03,,338.22,2.96,6.78,6.14,876.79,6.24
2026-09-02 05:00,455.79,576.37,1.21,341.97,399.91,1.38,912.74,361.27,1.11,25.95,377.8,342.71,5.93,16.91,349.0,,338.22,2.92,6.77,6.12,876.8,6.22
2026-09-02 05:30,455.76,576.36,1.19,341.97,399.95,1.38,912.73,361.27,1.11,25.98,377.79,342.66,5.87,16.94,348.97,,338.22,2.88,6.75,6.1,876.78,6.2
2026-09-02 06:00,455.77,576.37,1.19,341.96,399.92,1.36,912.72,361.27,1.11,26.0,377.78,342.61,5.81,16.97,348.97,,338.22,2.85,6.75,6.08,876.79,6.18
2026-09-02 06:30,455.73,576.39,1.18,341.9,399.91,1.36,912.7,361.27,1.11,26.03,377.78,342.55,5.75,16.98,348.97,,338.22,2.81,6.74,6.06,876.77,6.16
2026-09-02 07:00,455.74,576.34,1.18,341.95,399.92,1.36,912.7,361.26,1.11,26.04,377.78,342.5,5.7,17.01,348.92,,338.22,2.77,6.72,6.02,876.77,6.14
2026-09-02 07:30,455.7,576.34,1.18,341.94,399.9,1.34,912.69,361.26,1.11,26.07,377.61,342.44,5.64,17.04,348.91,,338.22,2.73,6.72,6.0,876.76,6.12
2026-09-02 08:00,455.76,576.31,1.15,341.94,399.92,1.34,912.68,361.26,1.11,26.1,377.77,342.37,5.58,17.06,348.9,,338.22,2.67,6.7,5.98,876.79,6.1
2026-09-02 08:30,455.75,576.32,1.16,341.93,399.92,1.34,912.67,361.25,1.11,26.12,377.77,342.32,5.52,17.09,348.92,,338.21,2.63,6.68,5.95,876.77,6.1
2026-09-02 09:00,455.75,576.31,1.17,341.92,399.87,1.32,912.66,361.25,1.11,26.15,377.68,342.27,5.47,17.1,348.89,,338.21,2.6,6.66,5.93,876.76,6.08
2026-09-02 09:30,455.73,576.3,1.15,341.9,399.9,1.31,912.65,361.25,1.11,26.17,377.68,342.21,5.41,17.13,348.9,,338.2,2.56,6.65,5.91,876.76,6.06
2026-09-02 10:00,455.73,576.32,1.15,341.91,399.91,1.31,912.64,361.25,1.11,26.19,377.68,342.15,5.35,17.14,348.91,,338.18,2.52,6.64,5.87,876.77,6.04
2026-09-02 10:30,455.74,576.3,1.15,341.9,399.9,1.31,912.64,361.25,1.11,26.2,377.67,342.11,5.29,17.17,348.91,,338.18,2.48,6.62,5.85,876.73,6.02
2026-09-02 11:00,455.73,576.25,1.15,341.89,399.89,1.31,912.62,361.25,1.11,26.24,377.64,342.05,5.22,17.19,348.86,,338.16,2.46,6.6,5.83,876.75,5.99
2026-09-02 11:30,455.67,576.28,1.13,341.9,399.88,1.29,912.62,361.25,1.11,26.24,377.59,341.99,5.16,17.22,348.89,,338.15,2.42,6.58,5.81,876.76,5.99
2026-09-02 12:00,455.7,576.31,1.13,341.88,399.89,1.29,912.61,361.25,1.11,26.28,377.61,341.91,5.1,17.23,348.89,,338.12,2.38,6.56,5.79,876.74,5.97
2026-09-02 12:30,455.68,576.25,1.13,341.88,399.87,1.29,912.6,361.24,1.11,26.29,377.61,341.87,5.04,17.26,348.91,,338.11,2.35,6.54,5.77,876.73,5.95
2026-09-02 13:00,455.7,576.25,1.11,341.87,399.88,1.29,912.59,361.24,1.11,26.32,377.63,341.83,4.99,17.27,348.91,,338.08,2.33,6.52,5.74,876.78,5.93
2026-09-02 13:30,455.71,576.27,1.11,341.87,399.88,1.29,912.59,361.24,1.11,26.34,377.61,341.75,4.93,17.29,348.9,,338.06,2.29,6.5,5.72,876.74,5.91
2026-09-02 14:00,455.67,576.24,1.11,341.86,399.88,1.29,912.57,361.24,1.11,26.36,377.59,341.7,4.87,17.31,348.9,,338.03,2.27,6.47,5.7,876.74,5.87
2026-09-02 14:30,455.68,576.23,1.11,341.86,399.88,1.29,912.57,361.24,1.11,26.38,377.61,341.64,4.81,17.32,348.92,,338.0,2.23,6.45,5.68,876.73,5.87
2026-09-02 15:00,455.69,576.25,1.11,341.84,399.87,1.27,912.57,361.22,1.11,26.41,377.55,341.59,4.74,17.35,348.93,,337.99,2.21,6.43,5.64,876.73,5.85
2026-09-02 15:30,455.65,576.26,1.11,341.83,399.87,1.27,912.55,361.22,1.11,26.42,377.49,341.52,4.7,17.35,348.89,,337.96,2.19,6.41,5.62,876.74,5.81
2026-09-02 16:00,455.66,576.2,1.09,341.83,399.85,1.27,912.55,361.22,1.11,26.44,377.53,341.47,4.64,17.38,348.88,,337.93,2.15,6.39,5.59,876.74,5.8
2026-09-02 16:30,455.65,576.2,1.09,341.81,399.87,1.27,912.54,361.21,1.11,26.46,377.55,341.41,4.58,17.39,348.88,,337.91,2.15,6.35,5.57,876.75,5.78
2026-09-02 17:00,455.66,576.23,1.09,341.8,399.85,1.27,912.54,361.21,1.11,26.48,377.54,341.95,4.52,17.41,348.89,,337.88,2.12,6.33,5.54,876.75,5.75
2026-09-02 17:30,455.65,576.21,1.09,341.8,399.87,1.25,912.52,361.21,1.13,26.48,377.5,342.14,4.53,17.42,348.89,,337.86,2.1,6.31,5.52,876.74,5.74
2026-09-02 18:00,455.66,576.21,1.09,341.78,399.87,1.25,912.52,361.21,1.96,26.49,377.5,342.27,4.55,17.42,348.88,,337.83,2.08,6.27,5.49,876.74,5.71
2026-09-02 18:30,455.67,576.2,1.07,341.76,399.84,1.25,912.51,361.21,2.27,26.47,377.51,342.34,4.57,17.42,348.87,,337.81,2.06,6.25,5.45,876.74,5.68
2026-09-02 19:00,455.67,576.19,1.09,341.75,399.87,1.25,912.51,361.29,2.4,26.48,377.48,342.39,4.57,17.44,348.87,,337.78,2.06,6.22,5.43,876.72,5.66
2026-09-02 19:30,455.65,576.19,1.07,341.78,399.87,1.25,912.5,361.45,2.48,26.47,377.53,342.43,4.59,17.44,348.87,,337.75,2.04,6.19,5.39,876.72,5.64
2026-09-02 20:00,455.65,576.19,1.08,341.79,399.88,1.23,912.49,361.58,2.5,26.47,377.5,342.44,4.59,17.45,348.88,,337.72,2.04,6.16,5.36,876.72,5.62
2026-09-02 20:30,455.64,576.18,1.07,341.82,399.84,1.23,912.49,361.66,2.54,26.47,377.49,342.46,4.6,17.45,348.87,,337.69,2.04,6.14,5.33,876.71,5.59
2026-09-02 21:00,455.61,576.2,1.07,341.92,399.86,1.23,912.48,361.73,2.54,26.46,377.49,342.5,4.6,17.45,348.85,,337.66,2.02,6.1,5.31,876.73,5.57
2026-09-02 21:30,455.59,576.17,1.06,342.1,399.86,1.23,912.48,361.77,2.56,26.46,377.5,342.49,4.6,17.45,348.86,,337.65,2.02,6.06,5.27,876.73,5.54
2026-09-02 22:00,455.64,576.17,1.06,342.23,399.85,1.23,912.47,361.79,2.56,26.46,377.46,342.51,4.6,17.45,348.85,,337.61,2.0,6.04,5.24,876.7,5.53
2026-09-02 22:30,455.59,576.17,1.06,342.31,399.86,1.23,912.47,361.8,2.56,26.46,377.48,342.49,4.59,17.45,348.86,,337.58,2.0,6.0,5.2,876.71,5.53
2026-09-02 23:00,455.61,576.15,1.06,342.34,399.86,1.23,912.45,361.8,2.56,26.45,377.46,342.5,4.58,17.47,348.86,,337.55,2.0,5.97,5.18,876.71,5.54
2026-09-02 23:30,455.6,576.16,1.04,342.37,399.86,1.23,912.46,361.8,2.56,26.45,377.44,342.51,4.58,17.47,348.85,,337.5,1.98,5.93,5.16,876.71,5.56
2026-09-03 00:00,455.59,576.17,1.04,342.39,399.86,1.22,912.45,361.8,2.56,26.44,377.47,342.5,4.56,17.47,348.86,,337.47,1.98,5.91,5.12,876.71,5.59
2026-09-03 00:30,455.57,576.14,1.06,342.41,399.84,1.22,912.45,361.81,2.56,26.44,377.44,342.49,4.54,17.47,348.84,,337.44,1.98,5.89,5.1,876.71,5.6
2026-09-03 01:00,455.63,576.15,1.04,342.42,399.86,1.22,912.44,361.81,2.56,26.44,377.43,342.49,4.54,17.48,348.83,,337.4,1.96,5.85,5.08,876.7,5.61
2026-09-03 01:30,455.58,576.15,1.04,342.42,399.85,1.22,912.44,361.79,2.56,26.43,377.42,342.49,4.52,17.48,348.84,,337.37,1.96,5.84,5.06,876.72,5.61
2026-09-03 02:00,455.62,576.13,1.02,342.42,399.85,1.22,912.43,361.82,2.56,26.43,377.42,342.49,4.5,17.48,348.84,,337.33,1.96,5.81,5.04,876.7,5.63
2026-09-03 02:30,455.6,576.14,1.03,342.42,399.84,1.2,912.43,361.81,2.58,26.42,377.43,342.48,4.49,17.48,348.84,,337.3,1.96,5.79,5.02,876.7,5.63
2026-09-03 03:00,455.62,576.11,1.03,342.42,399.85,1.2,912.43,361.81,2.56,26.42,377.42,342.47,4.47,17.48,348.83,,337.27,1.94,5.77,5.02,876.71,5.63
2026-09-03 03:30,455.58,576.13,1.03,342.42,399.84,1.2,912.42,361.79,2.56,26.41,377.43,342.48,4.47,17.48,348.84,,337.24,1.94,5.74,4.99,876.7,5.62
2026-09-03 04:00,455.59,576.12,1.01,342.42,399.83,1.2,912.42,361.81,2.56,26.42,377.4,342.44,4.45,17.48,348.82,,337.21,1.93,5.7,4.97,876.69,5.62
2026-09-03 04:30,455.6,576.12,1.03,342.42,399.84,1.2,912.41,361.79,2.56,26.41,377.4,342.46,4.43,17.48,348.81,,337.16,1.93,5.68,4.95,876.69,5.61
2026-09-03 05:00,455.59,576.11,1.01,342.42,399.84,1.2,912.41,361.8,2.56,26.4,377.42,342.44,4.41,17.48,348.84,,337.13,1.93,5.66,4.93,876.69,5.61
2026-09-03 05:30,455.59,576.11,1.01,342.42,399.85,1.2,912.41,361.8,2.58,26.4,377.4,342.44,4.41,17.49,348.82,,337.11,1.93,5.64,4.91,876.69,5.6
2026-09-03 06:00,455.61,576.1,1.01,342.42,399.84,1.2,912.41,361.81,2.56,26.4,377.4,342.44,4.39,17.5,348.82,,337.08,1.93,5.6,4.89,876.7,5.58
2026-09-03 06:30,455.6,576.1,1.01,342.41,399.83,1.18,912.4,361.8,2.56,26.39,377.39,342.44,4.37,17.49,348.82,,337.05,1.91,5.58,4.87,876.68,5.57
2026-09-03 07:00,455.6,576.1,1.01,342.41,399.84,1.18,912.4,361.8,2.56,26.38,377.38,342.91,4.35,17.49,348.82,,337.02,1.91,5.55,4.85,876.69,5.56
2026-09-03 07:30,455.58,576.1,0.99,342.4,399.82,1.18,912.4,361.8,2.73,26.34,377.24,343.14,4.36,17.48,348.82,,336.99,1.91,5.52,4.83,876.7,5.54
2026-09-03 08:00,455.59,576.11,1.01,342.41,399.83,1.18,912.39,361.81,3.1,26.32,377.4,343.25,4.4,17.47,348.81,,336.96,1.91,5.49,4.79,876.68,5.54
2026-09-03 08:30,455.6,576.07,1.0,342.42,399.83,1.18,912.39,361.84,3.31,26.3,377.43,343.36,4.44,17.46,348.79,,336.93,1.91,5.47,4.77,876.69,5.52
2026-09-03 09:00,455.57,576.1,1.0,342.42,399.83,1.18,912.39,361.93,3.46,26.28,377.35,343.42,4.51,17.44,348.79,,336.9,1.89,5.43,4.75,876.71,5.49
2026-09-03 09:30,455.59,576.08,1.0,342.48,399.83,1.16,912.39,362.01,3.56,26.25,377.36,343.48,4.55,17.43,348.8,,336.86,1.89,5.39,4.72,876.7,5.47
2026-09-03 10:00,455.59,576.09,0.98,342.5,399.84,1.16,912.38,362.06,3.63,26.23,377.34,343.51,4.59,17.42,348.79,,336.83,1.89,5.37,4.7,876.69,5.45
2026-09-03 10:30,455.57,576.09,0.98,342.52,399.83,1.16,912.38,362.12,3.69,26.2,377.35,343.54,4.63,17.41,348.79,,336.8,1.89,5.33,4.67,876.7,5.43
2026-09-03 11:00,455.57,576.07,0.98,342.57,399.82,1.16,912.38,362.15,3.73,26.18,377.34,343.56,4.67,17.4,348.79,,336.77,1.87,5.31,4.64,876.69,5.43
2026-09-03 11:30,455.56,576.08,0.98,342.61,399.81,1.16,912.37,362.16,3.75,26.12,377.31,343.58,4.69,17.36,348.79,,336.72,1.87,5.27,4.62,876.68,5.43
2026-09-03 12:00,455.57,576.07,0.98,342.63,399.82,1.16,912.37,362.21,3.77,26.13,377.35,343.6,4.71,17.37,348.79,,336.68,1.87,5.24,4.6,876.69,5.42
2026-09-03 12:30,455.56,576.07,0.97,342.65,399.81,1.16,912.37,362.21,3.79,26.1,377.32,343.6,4.73,17.36,348.79,,336.65,1.87,5.22,4.58,876.68,5.42
2026-09-03 13:00,455.56,576.06,0.97,342.66,399.82,1.14,912.36,362.23,3.81,26.07,377.29,343.6,4.76,17.35,348.78,,336.61,1.87,5.2,4.56,876.7,5.44
2026-09-03 13:30,455.52,576.06,0.97,342.67,399.82,1.14,912.36,362.23,3.81,26.05,377.35,343.62,4.77,17.33,348.79,,336.58,1.85,5.18,4.55,876.69,5.45
2026-09-03 14:00,455.54,576.06,0.96,342.69,399.8,1.14,912.36,362.24,3.81,26.02,377.33,343.64,4.78,17.31,348.78,,336.53,1.85,5.16,4.54,876.69,5.48
2026-09-03 14:30,455.55,576.05,0.96,342.7,399.81,1.14,912.35,362.23,3.81,25.99,377.32,343.64,4.8,17.31,348.77,,336.5,1.85,5.14,4.54,876.68,5.48
2026-09-03 15:00,455.52,576.05,0.96,342.71,399.81,1.14,912.35,362.25,3.81,25.97,377.3,343.64,4.8,17.3,348.78,,336.47,1.83,5.12,4.52,876.69,5.5
2026-09-03 15:30,455.55,576.01,0.96,342.72,399.81,1.14,912.35,362.24,3.81,25.93,377.29,343.65,4.82,17.3,348.77,,336.44,1.83,5.1,4.52,876.69,5.5
2026-09-03 16:00,455.55,576.04,0.94,342.73,399.81,1.12,912.35,362.24,3.81,25.9,377.29,343.64,4.82,17.27,348.77,,336.41,1.83,5.08,4.5,876.71,5.49
2026-09-03 16:30,455.54,576.01,0.94,342.72,399.8,1.12,912.34,362.26,3.81,25.88,377.3,343.64,4.84,17.25,348.78,,336.4,1.83,5.06,4.49,876.68,5.51
2026-09-03 17:00,455.52,576.03,0.94,342.72,399.8,1.12,912.33,362.24,3.81,25.86,377.31,344.09,4.84,17.25,348.78,,336.37,1.83,5.06,4.48,876.7,5.51
2026-09-03 17:30,455.53,576.03,0.94,342.71,399.82,1.12,912.34,362.25,3.81,25.84,377.25,344.33,4.86,17.22,348.76,,336.36,1.81,5.04,4.47,876.68,5.51
2026-09-03 18:00,455.53,576.02,0.94,342.75,399.79,1.12,912.33,362.24,3.81,25.8,377.29,344.48,4.92,17.19,348.78,,336.33,1.81,5.02,4.47,876.69,5.53
2026-09-03 18:30,455.53,576.03,0.94,342.76,399.81,1.12,912.33,362.24,3.81,25.77,377.3,344.58,4.98,17.16,348.76,,336.31,1.81,5.02,4.45,876.66,5.53
2026-09-03 19:00,455.54,576.02,0.94,342.76,399.81,1.12,912.32,362.24,3.81,25.74,377.31,344.65,5.05,17.13,348.76,,336.3,1.81,5.0,4.45,876.7,5.52
2026-09-03 19:30,455.52,576.0,0.94,342.76,399.8,1.12,912.32,362.24,3.81,25.71,377.27,344.68,5.13,17.11,348.76,,336.3,1.81,4.99,4.43,876.69,5.52
2026-09-03 20:00,455.55,576.02,0.94,342.76,399.82,1.12,912.32,362.23,3.81,25.69,377.27,344.74,5.19,17.08,348.77,,336.28,1.81,4.97,4.41,876.69,5.52
2026-09-03 20:30,455.54,576.01,0.94,342.75,399.8,1.12,912.32,362.2,3.81,25.65,377.27,344.77,5.23,17.05,348.76,,336.27,1.79,4.96,4.41,876.69,5.52
2026-09-03 21:00,455.51,576.02,0.92,342.74,399.79,1.12,912.31,362.25,3.81,25.63,377.26,344.79,5.28,17.02,348.75,,336.25,1.79,4.95,4.39,876.68,5.52
2026-09-03 21:30,455.53,576.0,0.92,342.73,399.8,1.12,912.31,362.24,3.81,25.59,377.24,344.81,5.34,17.0,348.76,,336.24,1.79,4.93,4.39,876.69,5.49
2026-09-03 22:00,455.52,576.0,0.92,342.73,399.8,1.1,912.31,362.22,3.79,25.57,377.25,344.84,5.38,16.96,348.75,,336.24,1.79,4.91,4.37,876.67,5.5
2026-09-03 22:30,455.54,576.01,0.94,342.74,399.8,1.1,912.3,362.24,3.79,25.54,377.29,344.85,5.42,16.93,348.75,,336.22,1.79,4.91,4.37,876.69,5.49
2026-09-03 23:00,455.53,576.01,0.92,342.75,399.78,1.1,912.3,362.24,3.8,25.51,377.21,344.86,5.44,16.91,348.75,,336.21,1.79,4.89,4.35,876.69,5.48
2026-09-03 23:30,455.51,576.0,0.92,342.75,399.79,1.1,912.3,362.23,3.8,25.47,377.27,344.87,5.48,16.88,348.75,,336.21,1.79,4.89,4.33,876.68,5.47
2026-09-04 00:00,455.53,576.01,0.92,342.75,399.8,1.1,912.3,362.23,3.8,25.45,377.26,344.87,5.51,16.86,348.76,,336.21,1.77,4.87,4.33,876.68,5.47
2026-09-04 00:30,455.54,576.0,0.92,342.75,399.79,1.09,912.29,362.23,3.8,25.41,377.26,344.89,5.53,16.83,348.74,,336.21,1.77,4.87,4.31,876.67,5.45
2026-09-04 01:00,455.51,576.0,0.92,342.74,399.8,1.09,912.29,362.22,3.8,25.38,377.23,344.89,5.55,16.8,348.75,,336.21,1.77,4.85,4.29,876.68,5.45
2026-09-04 01:30,455.53,575.98,0.92,342.75,399.8,1.09,912.29,362.24,3.8,25.35,377.25,344.9,5.57,16.77,348.75,,336.19,1.77,4.85,4.29,876.69,5.44
2026-09-04 02:00,455.49,576.0,0.92,342.74,399.8,1.09,912.29,362.23,3.8,25.32,377.22,344.91,5.59,16.74,348.75,,336.19,1.77,4.83,4.27,876.68,5.43
2026-09-04 02:30,455.51,576.0,0.91,342.74,399.8,1.09,912.29,362.21,3.8,25.3,377.23,344.9,5.61,16.69,348.75,,336.2,1.77,4.83,4.27,876.67,5.43
2026-09-04 03:00,455.52,575.98,0.91,342.74,399.79,1.09,912.29,362.21,3.78,25.27,377.21,344.91,5.63,16.68,348.75,,336.2,1.77,4.83,4.25,876.68,5.41
2026-09-04 03:30,455.52,575.98,0.91,342.71,399.8,1.09,912.29,362.22,3.78,25.24,377.21,344.91,5.65,16.66,348.74,,336.2,1.77,4.82,4.24,876.69,5.41
2026-09-04 04:00,455.5,575.99,0.91,342.71,399.79,1.09,912.28,362.23,3.78,25.21,377.2,344.92,5.65,16.63,348.74,,336.2,1.77,4.81,4.24,876.68,5.41
2026-09-04 04:30,455.5,575.97,0.9,342.73,399.79,1.09,912.28,362.21,3.78,25.17,377.22,344.93,5.67,16.61,348.74,,336.2,1.75,4.81,4.22,876.68,5.41
2026-09-04 05:00,455.49,575.99,0.91,342.73,399.79,1.09,912.28,362.21,3.78,25.15,377.22,344.91,5.69,16.56,348.74,,336.2,1.75,4.81,4.22,876.68,5.39
2026-09-04 05:30,455.48,575.99,0.91,342.74,399.78,1.09,912.27,362.21,3.78,25.13,377.21,344.93,5.69,16.53,348.73,,336.22,1.75,4.81,4.22,876.67,5.39
2026-09-04 06:00,455.51,575.96,0.9,342.73,399.79,1.07,912.27,362.2,3.78,25.09,377.2,344.92,5.7,16.49,348.74,,336.23,1.75,4.81,4.2,876.68,5.39
2026-09-04 06:30,455.51,575.97,0.9,342.73,399.79,1.07,912.27,362.22,3.78,25.06,377.21,344.92,5.71,16.48,348.74,,336.25,1.75,4.81,4.2,876.68,5.37
2026-09-04 07:00,455.48,575.98,0.9,342.73,399.8,1.07,912.27,362.2,3.78,25.03,377.2,344.92,5.72,16.46,348.75,,336.25,1.75,4.8,4.2,876.68,5.37
2026-09-04 07:30,455.5,575.96,0.9,342.73,399.79,1.07,912.27,362.21,3.76,25.0,377.2,344.92,5.73,16.43,348.74,,336.26,1.75,4.8,4.18,876.67,5.37
2026-09-04 08:00,455.49,575.99,0.88,342.71,399.79,1.07,912.26,362.21,3.76,24.97,377.17,344.92,5.75,16.4,348.74,,336.26,1.75,4.8,4.18,876.69,5.37
2026-09-04 08:30,455.49,575.98,0.88,342.75,399.79,1.06,912.26,362.2,3.76,24.94,377.19,344.92,5.75,16.38,348.74,,336.28,1.75,4.8,4.18,876.69,5.37
2026-09-04 09:00,455.5,575.96,0.88,342.74,399.79,1.06,912.26,362.21,3.76,24.91,377.2,344.92,5.76,16.33,348.74,,336.29,1.73,4.8,4.18,876.7,5.35
2026-09-04 09:30,455.47,575.98,0.88,342.67,399.8,1.06,912.26,362.22,3.8,24.88,377.2,344.92,5.76,16.31,348.71,,336.29,1.73,4.8,4.16,876.69,5.35
2026-09-04 10:00,455.5,575.97,0.88,342.67,399.78,1.06,912.26,362.19,3.86,24.8,377.17,344.9,5.76,16.28,348.73,,336.29,1.73,4.8,4.16,876.66,5.34
2026-09-04 10:30,455.49,575.95,0.88,342.66,399.8,1.05,912.25,362.22,3.91,24.8,377.18,344.91,5.76,16.25,348.74,,336.29,1.72,4.8,4.15,876.66,5.34
2026-09-04 11:00,455.49,575.95,0.88,342.63,399.79,1.05,912.25,362.23,3.93,24.76,377.18,344.9,5.76,16.21,348.73,,336.29,1.72,4.8,4.15,876.67,5.34
2026-09-04 11:30,455.49,575.94,0.88,342.62,399.79,1.05,912.25,362.24,3.95,24.73,377.18,344.9,5.76,16.18,348.74,,336.29,1.72,4.8,4.14,876.64,5.34
2026-09-04 12:00,455.49,575.95,0.88,342.63,399.79,1.05,912.25,362.23,3.97,24.68,377.16,344.9,5.76,16.16,348.71,,336.3,1.72,4.8,4.14,876.66,5.34
2026-09-04 12:30,455.49,575.95,0.88,342.64,399.79,1.05,912.25,362.27,3.99,24.65,377.01,344.9,5.77,16.13,348.73,,336.31,1.72,4.81,4.14,876.68,5.34
2026-09-04 13:00,455.49,575.94,0.88,342.66,399.77,1.05,912.24,362.26,3.99,24.61,377.01,344.9,5.77,16.08,348.73,,336.31,1.72,4.81,4.14,876.68,5.34
2026-09-04 13:30,455.52,575.94,0.86,342.66,399.78,1.05,912.24,362.26,3.97,24.57,377.16,344.9,5.77,16.07,348.73,,336.32,1.7,4.82,4.14,876.67,5.34
2026-09-04 14:00,463.6,575.92,0.86,342.66,399.78,1.03,912.24,362.28,3.98,24.53,377.18,344.89,5.77,16.04,348.71,,336.32,1.7,4.82,4.14,876.67,5.34
2026-09-04 14:30,463.63,575.93,0.86,342.67,399.78,1.03,912.24,362.28,3.96,24.49,377.28,344.88,5.77,16.01,348.73,,336.32,1.7,4.82,4.14,876.66,5.34
2026-09-04 15:00,463.63,575.93,0.86,342.68,399.77,1.03,912.23,362.28,3.96,24.46,377.3,344.88,5.77,15.99,348.71,,336.33,1.7,4.82,4.13,876.65,5.34
2026-09-04 15:30,455.47,575.93,0.86,342.71,399.79,1.03,912.23,362.27,3.96,24.41,376.96,344.88,5.77,15.96,348.71,,336.34,1.7,4.84,4.12,876.66,5.34
2026-09-04 16:00,455.48,575.93,0.86,342.72,399.78,1.03,912.23,362.27,3.94,24.38,377.07,344.87,5.77,15.94,348.72,,336.35,1.7,4.84,4.13,876.64,5.35
2026-09-04 16:30,455.49,575.93,0.87,342.72,399.78,1.03,912.23,362.27,3.94,24.34,377.29,344.87,5.77,15.9,348.72,,336.35,1.7,4.84,4.12,876.66,5.35
2026-09-04 17:00,455.49,575.92,0.85,342.71,399.77,1.01,912.23,362.27,3.94,24.31,377.3,344.87,5.77,15.87,348.72,,336.35,1.7,4.84,4.13,876.67,5.36
2026-09-04 17:30,455.47,575.92,0.85,342.69,399.78,1.01,912.22,362.28,3.94,24.26,377.18,344.85,5.77,15.84,348.71,,336.38,1.7,4.85,4.14,876.67,5.38
2026-09-04 18:00,455.47,575.91,0.85,342.7,399.78,1.01,912.22,362.27,3.94,24.23,377.17,344.85,5.76,15.81,348.71,,336.39,1.7,4.86,4.15,876.65,5.38
2026-09-04 18:30,455.47,575.91,0.85,342.7,399.76,1.01,912.22,362.28,3.94,24.19,377.18,344.84,5.76,15.76,348.72,,336.39,1.7,4.86,4.15,876.67,5.38
2026-09-04 19:00,455.47,575.91,0.85,342.7,399.78,1.01,912.22,362.28,3.94,24.16,377.15,344.84,5.76,15.74,348.72,,336.41,1.69,4.87,4.15,876.65,5.39
2026-09-04 19:30,455.48,575.92,0.85,342.69,399.77,1.01,912.22,362.27,3.94,24.11,377.17,344.83,5.76,15.71,348.71,,336.42,1.69,4.88,4.15,876.64,5.39
2026-09-04 20:00,455.46,575.92,0.85,342.68,399.77,1.01,912.21,362.27,3.94,24.07,377.16,344.82,5.75,15.67,348.71,,336.42,1.69,4.88,4.16,876.65,5.39
2026-09-04 20:30,455.48,575.92,0.85,342.69,399.78,1.01,912.21,362.28,3.94,24.05,377.15,344.8,5.75,15.65,348.72,,336.44,1.68,4.88,4.16,876.66,5.4
2026-09-04 21:00,455.44,575.91,0.85,342.69,399.78,1.01,912.21,362.26,3.94,24.0,377.16,344.79,5.75,15.62,348.7,,336.45,1.68,4.88,4.16,876.62,5.4
2026-09-04 21:30,455.48,575.9,0.85,342.69,399.77,1.01,912.21,362.27,3.92,23.96,377.14,344.8,5.74,15.59,348.7,,336.45,1.68,4.89,4.15,876.62,5.4
2026-09-04 22:00,455.48,575.9,0.85,342.7,399.77,1.01,912.21,362.28,3.92,23.92,377.16,344.79,5.74,15.58,348.72,,336.47,1.68,4.9,4.16,876.65,5.4
2026-09-04 22:30,455.47,575.9,0.85,342.69,399.77,1.01,912.21,362.26,3.92,23.89,377.13,344.78,5.73,15.54,348.7,,336.48,1.68,4.9,4.16,876.66,5.4
2026-09-04 23:00,455.44,575.91,0.84,342.69,399.76,1.01,912.2,362.28,3.92,23.85,377.15,344.79,5.73,15.51,348.72,,336.47,1.68,4.9,4.16,876.67,5.41
2026-09-04 23:30,455.44,575.9,0.85,342.7,399.77,1.01,912.2,362.28,3.92,23.81,377.14,344.77,5.71,15.49,348.68,,336.48,1.68,4.89,4.16,876.67,5.42
2026-09-05 00:00,455.46,575.9,0.84,342.7,399.77,1.01,912.2,362.27,3.92,23.77,377.09,344.76,5.72,15.49,348.68,,336.48,1.68,4.9,4.15,876.66,5.42
2026-09-05 00:30,455.46,575.88,0.84,342.69,399.75,1.01,912.2,362.25,3.92,23.73,377.14,344.76,5.72,15.44,348.69,,336.48,1.68,4.9,4.17,876.67,5.4
2026-09-05 01:00,455.47,575.91,0.84,342.69,399.77,1.01,912.2,362.25,3.9,23.7,377.15,344.75,5.7,15.41,348.69,,336.5,1.68,4.9,4.16,876.68,5.42
2026-09-05 01:30,455.48,575.86,0.84,342.69,399.76,1.01,912.2,362.27,3.9,23.65,377.13,344.74,5.7,15.38,348.69,,336.49,1.68,4.9,4.16,876.66,5.42
2026-09-05 02:00,455.44,575.89,0.84,342.68,399.77,1.01,912.2,362.26,3.9,23.62,377.13,344.73,5.7,15.36,348.7,,336.5,1.66,4.9,4.16,876.67,5.42
2026-09-05 02:30,455.44,575.9,0.84,342.68,399.77,1.01,912.2,362.25,3.9,23.57,377.12,344.73,5.69,15.33,348.7,,336.5,1.66,4.91,4.16,876.67,5.43
2026-09-05 03:00,455.46,575.87,0.84,342.68,399.77,1.01,912.19,362.27,3.9,23.53,377.1,344.71,5.69,15.3,348.69,,336.5,1.66,4.91,4.16,876.68,5.42
2026-09-05 03:30,455.46,575.88,0.84,342.68,399.75,1.01,912.19,362.27,3.9,23.48,377.15,344.71,5.68,15.25,348.69,,336.5,1.66,4.91,4.16,876.68,5.41
2026-09-05 04:00,455.45,575.87,0.84,342.68,399.78,1.01,912.19,362.26,3.88,23.45,377.14,344.71,5.68,15.24,348.7,,336.5,1.66,4.91,4.16,876.69,5.42
2026-09-05 04:30,455.46,575.87,0.84,342.67,399.77,1.01,912.19,362.26,3.88,23.41,377.12,344.7,5.67,15.21,348.7,,336.5,1.66,4.91,4.16,876.69,5.42
2026-09-05 05:00,455.45,575.88,0.84,342.68,399.78,1.01,912.19,362.24,3.88,23.36,377.14,344.69,5.66,15.19,348.7,,336.5,1.66,4.91,4.16,876.69,5.42
2026-09-05 05:30,455.45,575.89,0.84,342.68,399.77,1.01,912.19,362.26,3.88,23.32,377.13,344.7,5.66,15.16,348.69,,336.51,1.66,4.91,4.15,876.68,5.42
2026-09-05 06:00,455.44,575.89,0.84,342.68,399.77,1.01,912.19,362.25,3.88,23.28,377.13,344.69,5.65,15.13,348.7,,336.51,1.66,4.91,4.15,876.69,5.42
2026-09-05 06:30,455.45,575.89,0.82,342.68,399.76,1.01,912.19,362.25,3.87,23.25,377.13,344.69,5.64,15.11,348.7,,336.51,1.66,4.91,4.14,876.69,5.41
2026-09-05 07:00,455.46,575.91,0.82,342.68,399.79,1.01,912.19,362.26,3.87,23.21,377.14,344.68,5.64,15.08,348.69,,336.51,1.66,4.91,4.14,876.68,5.41
2026-09-05 07:30,455.45,575.88,0.82,342.66,399.77,1.01,912.19,362.26,3.85,23.16,377.1,344.67,5.64,15.04,348.7,,336.52,1.66,4.9,4.14,876.69,5.41
2026-09-05 08:00,455.46,575.9,0.82,342.65,399.78,0.99,912.19,362.23,3.85,23.11,377.1,344.67,5.62,15.0,348.69,,336.53,1.66,4.89,4.14,876.68,5.41
2026-09-05 08:30,455.46,575.91,0.82,342.64,399.78,0.99,912.19,362.24,3.85,23.08,377.11,344.65,5.62,14.99,348.69,,336.53,1.66,4.89,4.12,876.69,5.41
2026-09-05 09:00,455.45,575.88,0.82,342.67,399.78,0.99,912.18,362.22,3.85,23.03,377.08,344.66,5.62,14.96,348.66,,336.53,1.66,4.89,4.12,876.68,5.41
2026-09-05 09:30,455.43,575.93,0.82,342.67,399.78,0.99,912.18,362.23,3.83,23.01,377.11,344.65,5.62,14.94,348.69,,336.54,1.66,4.89,4.12,876.69,5.41
2026-09-05 10:00,455.44,575.92,0.82,342.66,399.78,0.99,912.18,362.23,3.81,22.96,377.11,344.65,5.61,14.9,348.68,,336.54,1.66,4.89,4.12,876.68,5.39
2026-09-05 10:30,455.46,575.93,0.82,342.65,399.77,0.99,912.18,362.24,3.83,22.92,377.12,344.64,5.6,14.87,348.68,,336.54,1.66,4.89,4.12,876.67,5.39
2026-09-05 11:00,455.42,575.93,0.82,342.65,399.79,0.99,912.18,362.23,3.88,22.86,377.1,344.63,5.6,14.84,348.7,,336.53,1.64,4.88,4.12,876.69,5.39
2026-09-05 11:30,455.46,575.91,0.82,342.66,399.79,0.99,912.17,362.2,3.92,22.81,377.1,344.62,5.6,14.83,348.69,,336.53,1.64,4.88,4.1,876.69,5.37
2026-09-05 12:00,455.44,575.95,0.82,342.66,399.8,0.99,912.17,362.24,3.94,22.77,377.1,344.62,5.58,14.8,348.69,,336.53,1.64,4.87,4.1,876.69,5.37
2026-09-05 12:30,455.44,575.94,0.82,342.66,399.79,0.99,912.16,362.26,3.96,22.72,377.12,344.62,5.58,14.75,348.7,,336.53,1.64,4.88,4.1,876.68,5.37
2026-09-05 13:00,455.41,575.95,0.82,342.66,399.77,0.97,912.17,362.26,3.98,22.68,377.14,344.61,5.58,14.74,348.68,,336.52,1.64,4.87,4.1,876.67,5.37
2026-09-05 13:30,455.45,575.94,0.8,342.67,399.75,0.97,912.17,362.24,3.98,22.63,377.13,344.6,5.56,14.69,348.68,,336.52,1.64,4.87,4.09,876.68,5.37
2026-09-05 14:00,455.45,575.95,0.8,342.67,399.79,0.97,912.16,362.28,3.98,22.6,377.1,344.59,5.56,14.67,348.69,,336.52,1.64,4.87,4.08,876.65,5.37
2026-09-05 14:30,455.45,575.93,0.8,342.67,399.79,0.97,912.16,362.26,3.98,22.55,377.13,344.59,5.56,14.62,348.7,,336.52,1.64,4.86,4.08,876.68,5.36
2026-09-05 15:00,455.45,575.93,0.8,342.67,399.78,0.97,912.16,362.28,3.98,22.48,377.14,344.58,5.55,14.61,348.69,,336.52,1.62,4.85,4.08,876.68,5.36
2026-09-05 15:30,455.45,575.94,0.8,342.68,399.78,0.97,912.16,362.3,3.98,22.46,377.15,344.57,5.54,14.58,348.69,,336.52,1.62,4.85,4.08,876.64,5.35
2026-09-05 16:00,455.43,575.95,0.8,342.68,399.77,0.97,912.16,362.28,4.0,22.42,377.14,344.57,5.54,14.55,348.69,,336.51,1.62,4.85,4.08,876.63,5.35
2026-09-05 16:30,455.44,575.94,0.8,342.69,399.78,0.97,912.16,362.29,3.98,22.37,377.08,344.56,5.53,14.53,348.69,,336.51,1.62,4.85,4.08,876.63,5.35
2026-09-05 17:00,455.45,575.95,0.8,342.69,399.78,0.96,912.16,362.29,3.98,22.3,377.16,344.56,5.52,14.49,348.69,,336.51,1.62,4.84,4.06,876.63,5.36
2026-09-05 17:30,455.44,575.96,0.8,342.69,399.78,0.96,912.16,362.3,3.98,22.25,377.11,344.55,5.52,14.46,348.69,,336.51,1.62,4.84,4.06,876.64,5.35
2026-09-05 18:00,455.44,575.95,0.8,342.7,399.77,0.96,912.16,362.29,3.98,22.2,377.14,344.55,5.51,14.44,348.67,,336.51,1.62,4.84,4.06,876.68,5.36
2026-09-05 18:30,455.45,575.96,0.8,342.7,399.78,0.96,912.16,362.29,3.98,22.15,377.11,344.54,5.5,14.41,348.68,,336.51,1.62,4.83,4.06,876.67,5.36
2026-09-05 19:00,455.44,575.95,0.8,342.7,399.77,0.96,912.16,362.32,3.98,22.09,377.11,344.54,5.49,14.38,348.68,,336.51,1.62,4.83,4.06,876.68,5.36
2026-09-05 19:30,455.43,575.94,0.8,342.7,399.77,0.96,912.16,362.29,3.98,22.05,377.1,344.53,5.49,14.36,348.69,,336.51,1.62,4.83,4.06,876.67,5.36
2026-09-05 20:00,455.44,575.93,0.8,342.69,399.77,0.96,912.15,362.28,3.96,22.0,377.13,344.51,5.49,14.33,348.67,,336.51,1.62,4.83,4.06,876.67,5.36
2026-09-05 20:30,455.43,575.92,0.79,342.69,399.76,0.96,912.15,362.27,3.96,21.96,377.11,344.51,5.47,14.3,348.67,,336.53,1.62,4.83,4.06,876.68,5.36
2026-09-05 21:00,455.44,575.91,0.79,342.69,399.77,0.96,912.15,362.27,3.96,21.9,377.11,344.5,5.47,14.26,348.66,,336.53,1.62,4.83,4.05,876.65,5.36
2026-09-05 21:30,455.44,575.92,0.79,342.69,399.77,0.94,912.14,362.28,3.96,21.86,377.09,344.5,5.45,14.24,348.68,,336.53,1.62,4.82,4.05,876.66,5.36
2026-09-05 22:00,455.44,575.92,0.79,342.69,399.76,0.94,912.14,362.28,3.96,21.8,377.1,344.49,5.45,14.21,348.68,,336.53,1.6,4.82,4.04,876.63,5.36
2026-09-05 22:30,455.44,575.91,0.79,342.7,399.77,0.94,912.14,362.28,3.95,21.76,377.09,344.49,5.45,14.17,348.68,,336.53,1.6,4.81,4.04,876.61,5.36
2026-09-05 23:00,455.43,575.92,0.79,342.69,399.77,0.94,912.14,362.28,3.95,21.7,377.09,344.47,5.43,14.15,348.67,,336.53,1.6,4.81,4.04,876.66,5.36
2026-09-05 23:30,455.44,575.92,0.79,342.69,399.76,0.94,912.14,362.27,3.93,21.66,377.11,344.47,5.43,14.11,348.68,,336.53,1.6,4.81,4.04,876.65,5.36
2026-09-06 00:00,455.42,575.91,0.79,342.69,399.76,0.94,912.13,362.26,3.93,21.62,377.1,344.46,5.43,14.06,348.67,,336.53,1.6,4.81,4.04,876.65,5.36
2026-09-06 00:30,455.42,575.9,0.79,342.68,399.76,0.94,912.13,362.27,3.93,21.56,377.09,344.45,5.41,14.05,348.67,,336.52,1.6,4.8,4.04,876.62,5.36
2026-09-06 01:00,455.4,575.91,0.79,342.68,399.77,0.94,912.13,362.27,3.93,21.52,377.1,344.45,5.41,14.0,348.67,,336.52,1.6,4.79,4.02,876.64,5.35
2026-09-06 01:30,455.41,575.91,0.79,342.67,399.76,0.94,912.13,362.28,3.91,21.47,377.09,344.43,5.4,13.99,348.67,,336.52,1.6,4.79,4.02,876.65,5.35
2026-09-06 02:00,455.4,575.91,0.79,342.67,399.77,0.94,912.13,362.25,3.91,21.41,377.1,344.43,5.39,13.94,348.67,,336.52,1.6,4.79,4.02,876.64,5.35
2026-09-06 02:30,455.42,575.9,0.78,342.67,399.76,0.94,912.13,362.25,3.91,21.36,377.09,344.42,5.38,13.91,348.68,,336.52,1.6,4.78,4.02,876.65,5.35
2026-09-06 03:00,455.41,575.87,0.79,342.67,399.77,0.94,912.13,362.27,3.89,21.31,377.1,344.42,5.37,13.88,348.66,,336.52,1.6,4.77,4.0,876.65,5.35
2026-09-06 03:30,455.44,575.89,0.78,342.67,399.76,0.94,912.12,362.25,3.89,21.27,377.08,344.42,5.37,13.86,348.65,,336.52,1.6,4.77,4.0,876.65,5.33
2026-09-06 04:00,455.4,575.88,0.78,342.66,399.75,0.94,912.12,362.23,3.89,21.21,377.09,344.41,5.36,13.83,348.66,,336.52,1.6,4.77,4.0,876.63,5.33
2026-09-06 04:30,455.39,575.87,0.78,342.66,399.76,0.94,912.12,362.24,3.88,21.16,377.08,344.4,5.35,13.83,348.67,,336.52,1.6,4.77,4.0,876.63,5.33
2026-09-06 05:00,455.43,575.87,0.78,342.72,399.76,0.94,912.12,362.25,3.88,21.1,377.05,344.38,5.35,13.78,348.65,,336.5,1.6,4.77,4.0,876.65,5.33
2026-09-06 05:30,455.43,575.87,0.78,342.69,399.77,0.92,912.12,362.25,3.88,21.06,377.07,344.39,5.34,13.74,348.66,,336.5,1.6,4.75,3.98,876.64,5.31
2026-09-06 06:00,455.43,575.89,0.78,342.68,399.76,0.92,912.11,362.25,3.87,21.0,377.07,344.38,5.33,13.74,348.66,,336.51,1.6,4.75,3.98,876.63,5.31
2026-09-06 06:30,455.42,575.87,0.78,342.68,399.76,0.92,912.11,362.24,3.87,20.95,377.05,344.38,5.32,13.7,348.65,,336.51,1.6,4.74,3.96,876.64,5.31
2026-09-06 07:00,455.42,575.85,0.78,342.67,399.75,0.92,912.11,362.24,3.87,20.89,377.05,344.37,5.31,13.66,348.66,,336.5,1.6,4.74,3.96,876.58,5.29
2026-09-06 07:30,455.38,575.87,0.76,342.65,399.75,0.92,912.11,362.24,3.87,20.84,377.07,344.37,5.31,13.63,348.66,,336.51,1.6,4.73,3.96,876.64,5.29
2026-09-06 08:00,455.42,575.86,0.76,342.66,399.76,0.92,912.11,362.23,3.87,20.8,377.04,344.36,5.31,13.61,348.66,,336.5,1.58,4.72,3.94,876.62,5.29
2026-09-06 08:30,455.41,575.87,0.77,342.66,399.75,0.9,912.11,362.25,3.85,20.73,377.03,344.35,5.3,13.56,348.66,,336.5,1.58,4.72,3.94,876.65,5.29
2026-09-06 09:00,455.44,575.87,0.77,342.66,399.75,0.9,912.1,362.24,3.85,20.68,377.07,344.34,5.3,13.53,348.65,,336.49,1.58,4.71,3.92,876.65,5.27
2026-09-06 09:30,455.41,575.86,0.77,342.65,399.76,0.9,912.1,362.24,3.85,20.61,377.07,344.34,5.29,13.49,348.65,,336.49,1.58,4.71,3.92,876.63,5.27
2026-09-06 10:00,455.42,575.86,0.77,342.66,399.75,0.9,912.1,362.25,3.88,20.56,377.06,344.33,5.27,13.45,348.63,,336.47,1.57,4.7,3.9,876.65,5.26
2026-09-06 10:30,455.4,575.86,0.77,342.66,399.76,0.9,912.1,362.26,3.96,20.47,377.04,344.32,5.27,13.44,348.64,,336.47,1.57,4.69,3.9,876.63,5.25
2026-09-06 11:00,455.43,575.85,0.75,342.66,399.75,0.88,912.1,362.27,4.05,20.4,377.03,344.31,5.26,13.4,348.65,,336.46,1.57,4.68,3.9,876.65,5.25
2026-09-06 11:30,455.41,575.85,0.75,342.66,399.75,0.88,912.1,362.27,4.09,20.34,377.02,344.31,5.25,13.38,348.65,,336.46,1.57,4.68,3.9,876.63,5.24
2026-09-06 12:00,455.41,575.85,0.77,342.66,399.75,0.88,912.1,362.29,4.13,20.25,377.05,344.31,5.24,13.34,348.66,,336.44,1.57,4.68,3.9,876.65,5.24
2026-09-06 12:30,455.42,575.86,0.75,342.67,399.76,0.86,912.1,362.32,4.15,20.19,377.06,344.28,5.24,13.33,348.65,,336.43,1.57,4.66,3.88,876.64,5.22
2026-09-06 13:00,455.39,575.84,0.75,342.69,399.74,0.85,912.1,362.32,4.17,20.12,377.0,344.29,5.23,13.26,348.64,,336.43,1.57,4.66,3.87,876.64,5.22
2026-09-06 13:30,455.4,575.84,0.75,342.7,399.75,0.84,912.09,362.34,4.17,20.04,377.06,344.29,5.22,13.25,348.66,,336.43,1.56,4.65,3.87,876.64,5.22
2026-09-06 14:00,455.41,575.85,0.75,342.7,399.75,0.84,912.09,362.35,4.17,19.97,377.02,344.27,5.22,13.21,348.64,,336.41,1.56,4.64,3.85,876.63,5.21
2026-09-06 14:30,455.39,575.85,0.73,342.7,399.74,0.84,912.09,362.38,4.18,19.9,377.05,344.27,5.2,13.19,348.64,,336.4,1.56,4.64,3.85,876.64,5.21
2026-09-06 15:00,455.41,575.82,0.72,342.72,399.75,0.82,912.09,362.35,4.18,19.84,377.02,344.26,5.2,13.15,348.65,,336.4,1.56,4.63,3.85,876.62,5.21
2026-09-06 15:30,455.4,575.83,0.76,342.74,399.75,0.82,912.09,362.36,4.18,19.78,377.04,344.26,5.19,13.11,348.65,,336.4,1.56,4.62,3.85,876.65,5.21
2026-09-06 16:00,455.41,575.81,0.76,342.75,399.74,0.82,912.09,362.37,4.18,19.7,377.04,344.25,5.18,13.08,348.64,,336.38,1.56,4.62,3.85,876.6,5.21
2026-09-06 16:30,455.37,575.84,0.72,342.73,399.73,0.8,912.09,362.37,4.18,19.64,376.94,344.24,5.18,13.05,348.64,,336.38,1.56,4.62,3.85,876.59,5.23
2026-09-06 17:00,455.41,575.84,0.72,342.73,399.74,0.8,912.09,362.36,4.17,19.56,377.05,344.24,5.16,13.03,348.63,,336.37,1.56,4.62,3.85,876.65,5.23
2026-09-06 17:30,455.43,575.84,0.74,342.74,399.74,0.78,912.08,362.35,4.17,19.46,377.03,344.23,5.16,12.99,348.65,,336.37,1.56,4.61,3.85,876.63,5.24
2026-09-06 18:00,455.39,575.82,0.74,342.75,399.73,0.76,912.08,362.36,4.17,19.39,377.03,344.22,5.15,12.96,348.63,,336.37,1.56,4.61,3.85,876.61,5.25
2026-09-06 18:30,455.41,575.81,0.74,342.75,399.74,0.74,912.08,362.35,4.21,19.32,377.04,344.22,5.14,12.92,348.62,,336.37,1.56,4.6,3.85,876.62,5.25
2026-09-06 19:00,455.41,575.82,0.74,342.75,399.73,0.74,912.08,362.36,4.23,19.25,377.03,344.21,5.14,12.9,348.64,,336.37,1.56,4.6,3.83,876.59,5.25
2026-09-06 19:30,455.41,575.83,0.74,342.75,399.74,0.74,912.08,362.36,4.25,19.17,377.04,344.2,5.12,12.86,348.64,,336.38,1.56,4.6,3.85,876.59,5.26
2026-09-06 20:00,455.42,575.81,0.74,342.74,399.74,0.71,912.07,362.38,4.26,19.07,377.03,344.19,5.12,12.83,348.64,,336.38,1.56,4.6,3.85,876.63,5.26
2026-09-06 20:30,455.41,575.82,0.74,342.73,399.73,0.69,912.07,362.37,4.26,18.99,377.02,344.18,5.11,12.79,348.63,,336.38,1.56,4.59,3.85,876.58,5.26
2026-09-06 21:00,455.39,575.82,0.74,342.75,399.74,0.67,912.07,362.37,4.26,18.91,376.99,344.18,5.1,12.75,348.63,,336.39,1.54,4.59,3.85,876.63,5.26
2026-09-06 21:30,455.41,575.79,0.74,342.75,399.74,0.67,912.07,362.39,4.26,18.83,377.02,344.17,5.1,12.74,348.63,,336.39,1.54,4.59,3.85,876.62,5.26
2026-09-06 22:00,455.4,575.82,0.74,342.77,399.74,0.65,912.07,362.38,4.25,18.75,377.01,344.15,5.08,12.69,348.64,,336.39,1.54,4.59,3.85,876.64,5.26
2026-09-06 22:30,455.4,575.81,0.74,342.78,399.75,0.65,912.06,362.39,4.25,18.65,377.01,344.16,5.08,12.65,348.64,,336.38,1.54,4.59,3.85,876.62,5.26
2026-09-06 23:00,455.4,575.8,0.74,342.78,399.75,0.63,912.06,362.39,4.24,18.56,377.01,344.15,5.08,12.62,348.61,,336.38,1.54,4.58,3.83,876.63,5.26
2026-09-06 23:30,455.4,575.83,0.74,342.78,399.73,0.63,912.06,362.39,4.22,18.49,377.01,344.15,5.06,12.59,348.63,,336.38,1.54,4.58,3.83,876.61,5.28
2026-09-07 00:00,455.4,575.82,0.73,342.79,399.72,0.61,912.06,362.39,4.22,18.39,377.03,344.14,5.06,12.55,348.61,,336.37,1.54,4.58,3.83,876.64,5.28
2026-09-07 00:30,455.41,575.8,0.73,342.78,399.73,0.59,912.06,362.39,4.21,18.29,376.99,344.13,5.05,12.53,348.63,,336.37,1.54,4.57,3.83,876.63,5.28
2026-09-07 01:00,455.39,575.79,0.73,342.78,399.73,0.59,912.06,362.35,4.2,18.22,377.0,344.12,5.04,12.49,348.62,,336.36,1.54,4.57,3.83,876.61,5.28
2026-09-07 01:30,455.4,575.81,0.73,342.77,399.74,0.59,912.06,362.38,4.18,18.14,376.99,344.12,5.03,12.46,348.63,,336.36,1.53,4.56,3.83,876.64,5.28
2026-09-07 02:00,455.38,575.81,0.73,342.77,399.73,0.57,912.06,362.37,4.17,18.05,376.97,344.11,5.02,12.42,348.63,,336.36,1.53,4.56,3.83,876.62,5.28
2026-09-07 02:30,455.38,575.81,0.73,342.77,399.73,0.57,912.06,362.36,4.16,17.97,377.0,344.11,5.02,12.4,348.62,,336.36,1.53,4.56,3.83,876.59,5.28
2026-09-07 03:00,455.41,575.81,0.73,342.76,399.74,0.55,912.06,362.36,4.15,17.88,376.97,344.1,5.02,12.36,348.64,,336.34,1.53,4.56,3.81,876.61,5.28
2026-09-07 03:30,455.39,575.79,0.73,342.76,399.73,0.55,912.06,362.36,4.14,17.78,377.0,344.09,5.01,12.33,348.61,,336.34,1.53,4.55,3.81,876.59,5.28
2026-09-07 04:00,455.41,575.78,0.73,342.75,399.73,0.55,912.06,362.36,4.06,17.83,376.98,344.08,5.0,12.28,348.61,,336.34,1.53,4.54,3.81,876.59,5.28
2026-09-07 04:30,455.39,575.8,0.73,342.75,399.73,0.55,912.06,362.34,3.58,17.81,376.99,344.08,4.99,12.24,348.62,,336.33,1.53,4.54,3.81,876.64,5.27
2026-09-07 05:00,455.38,575.79,0.73,342.75,399.73,0.53,912.05,362.31,2.9,17.83,377.0,344.07,4.99,12.21,348.62,,336.33,1.53,4.53,3.81,876.62,5.27
2026-09-07 05:30,455.39,575.8,0.73,342.75,399.74,0.51,912.05,362.21,2.29,17.87,376.97,344.04,4.97,12.17,348.6,,336.33,1.53,4.53,3.81,876.61,5.27
2026-09-07 06:00,455.39,575.77,0.73,342.73,399.72,0.51,912.05,362.07,1.75,17.86,376.99,344.06,4.97,12.13,348.63,,336.33,1.53,4.52,3.79,876.63,5.27
2026-09-07 06:30,455.39,575.79,0.73,342.69,399.73,0.51,912.05,361.88,1.31,17.87,376.98,344.05,4.96,12.11,348.62,,336.33,1.53,4.52,3.79,876.61,5.27
2026-09-07 07:00,455.4,575.79,0.73,342.63,399.73,0.51,912.05,361.71,1.1,17.89,376.96,344.04,4.95,12.08,348.61,,336.33,1.53,4.51,3.79,876.57,5.24
2026-09-07 07:30,455.38,575.78,0.73,342.53,399.73,0.51,912.05,361.58,1.04,17.91,376.96,344.04,4.95,12.03,348.62,,336.33,1.53,4.51,3.77,876.6,5.24
2026-09-07 08:00,455.39,575.78,0.73,342.42,399.73,0.49,912.05,361.46,1.0,17.94,376.98,344.03,4.94,11.99,348.62,,336.31,1.53,4.5,3.77,876.65,5.2
2026-09-07 08:30,455.39,575.78,0.73,342.31,399.73,0.48,912.05,361.34,1.0,17.95,376.98,344.02,4.93,11.96,348.62,,336.31,1.53,4.49,3.75,876.62,5.16
2026-09-07 09:00,455.4,575.78,0.72,342.21,399.73,0.48,912.05,361.25,1.0,17.97,376.98,344.01,4.92,11.91,348.63,,336.31,1.53,4.47,3.73,876.61,5.1
2026-09-07 09:15,455.35,575.77,0.72,342.16,399.73,0.48,912.05,361.21,1.0,17.97,376.96,344.01,4.92,11.9,348.63,,336.3,1.53,4.47,3.71,876.61,5.06
2026-09-07 09:30,455.39,575.79,0.72,342.12,399.73,0.48,912.05,361.18,1.0,17.99,376.96,343.99,4.91,11.87,348.62,,336.3,1.53,4.45,3.71,876.62,5.02
2026-09-07 10:00,455.39,575.79,0.72,342.03,399.73,0.48,912.05,361.12,1.0,17.99,376.97,343.99,4.91,11.84,348.61,,336.3,1.53,4.43,3.67,876.6,4.95
2026-09-07 10:30,455.39,575.78,0.72,341.96,399.73,0.46,912.05,361.08,0.98,18.01,376.96,343.99,4.9,11.8,348.63,,336.28,1.53,4.39,3.63,876.64,4.86
2026-09-07 11:00,455.37,575.79,0.72,341.86,399.73,0.46,912.05,361.06,0.98,18.03,376.97,343.98,4.89,11.76,348.62,,336.27,1.51,4.36,3.56,876.61,4.75
2026-09-07 11:30,455.39,575.78,0.71,341.8,399.73,0.45,912.05,361.05,0.98,18.04,376.99,343.98,4.88,11.74,348.62,,336.25,1.51,4.33,3.52,876.65,4.66
2026-09-07 12:00,455.4,575.75,0.71,341.71,399.74,0.43,912.04,361.03,0.98,18.06,376.96,343.97,4.87,11.69,348.63,,336.24,1.51,4.31,3.48,876.64,4.58
2026-09-07 12:30,455.4,575.77,0.71,341.65,399.73,0.43,912.04,361.02,0.98,18.08,376.97,343.96,4.87,11.65,348.61,,336.21,1.51,4.27,3.42,876.61,4.49
2026-09-07 13:00,455.37,575.78,0.72,341.6,399.72,0.43,912.04,361.02,0.98,18.09,376.97,343.95,4.87,11.61,348.62,,336.19,1.51,4.24,3.38,876.64,4.41
2026-09-07 13:30,455.4,575.76,0.71,341.55,399.73,0.43,912.04,361.01,0.98,18.11,376.96,343.95,4.85,11.58,348.62,,336.18,1.51,4.2,3.33,876.58,4.33
2026-09-07 14:00,455.4,575.77,0.72,341.64,399.72,0.42,912.04,361.0,0.98,18.12,376.96,343.93,4.85,11.53,348.61,,336.15,1.51,4.16,3.29,876.61,4.26
2026-09-07 14:30,455.39,575.77,0.71,341.72,399.72,0.42,912.04,361.0,0.98,18.14,376.94,343.93,4.85,11.49,348.62,,336.13,1.51,4.14,3.25,876.62,4.18
2026-09-07 15:00,455.38,575.76,0.71,341.66,399.72,0.42,912.04,361.0,0.98,18.15,376.94,343.92,4.84,11.44,348.62,,336.11,1.51,4.1,3.21,876.61,4.12
2026-09-07 15:30,455.37,575.76,0.71,341.62,399.73,0.4,912.04,361.0,0.98,18.17,376.95,343.91,4.83,11.41,348.62,,336.11,1.51,4.08,3.17,876.6,4.04
2026-09-07 16:00,455.38,575.77,0.71,341.65,399.73,0.39,912.04,361.0,0.98,18.17,376.95,343.9,4.81,11.36,348.61,,336.08,1.49,4.04,3.13,876.64,3.98
2026-09-07 16:30,455.39,575.77,0.71,341.66,399.73,0.39,912.04,360.99,0.98,18.19,376.95,343.9,4.81,11.33,348.62,,336.08,1.49,4.02,3.1,876.6,3.94
2026-09-07 17:00,455.36,575.78,0.71,341.65,399.73,0.39,912.04,361.0,0.98,18.2,376.94,343.88,4.81,11.28,348.61,,336.06,1.49,4.0,3.06,876.6,3.9
2026-09-07 17:30,455.39,575.74,0.71,341.63,399.72,0.39,912.04,360.99,0.98,18.22,376.95,343.87,4.79,11.24,348.6,,336.05,1.49,3.96,3.04,876.64,3.87
2026-09-07 18:00,455.37,575.76,0.71,341.62,399.73,0.39,912.04,360.99,0.98,18.21,376.93,343.87,4.79,11.19,348.61,,336.05,1.49,3.94,3.0,876.62,3.83
2026-09-07 18:30,455.37,575.77,0.71,341.61,399.73,0.39,912.04,360.99,0.98,18.15,376.94,343.86,4.77,11.15,348.62,,336.03,1.49,3.92,2.98,876.64,3.79
2026-09-07 19:00,455.39,575.75,0.69,341.58,399.72,0.37,912.04,360.99,2.3,18.1,376.95,343.84,4.77,11.11,348.61,,336.02,1.49,3.92,2.96,876.63,3.77
2026-09-07 19:30,455.38,575.73,0.69,341.58,399.72,0.37,912.04,360.99,2.96,17.99,376.95,343.84,4.75,11.08,348.62,,336.01,1.49,3.9,2.94,876.63,3.75
2026-09-07 20:00,455.39,575.76,0.69,341.59,399.71,0.37,912.04,361.09,3.33,17.85,376.92,343.82,4.75,11.03,348.62,,336.0,1.49,3.87,2.92,876.64,3.71
2026-09-07 20:30,455.35,575.74,0.71,341.6,399.71,0.37,912.04,361.42,3.58,17.74,376.95,343.83,4.74,10.99,348.62,,335.99,1.49,3.85,2.9,876.59,3.69
2026-09-07 21:00,455.35,575.76,0.69,341.6,399.72,0.37,912.04,361.73,3.77,17.63,376.96,343.81,4.74,10.94,348.62,,335.99,1.49,3.85,2.88,876.61,3.67
2026-09-07 21:30,455.38,575.77,0.69,341.62,399.73,0.37,912.04,361.91,3.9,17.53,376.96,343.81,4.72,10.88,348.61,,335.97,1.49,3.83,2.87,876.62,3.65
2026-09-07 22:00,455.38,575.77,0.69,341.7,399.73,0.37,912.04,362.03,3.98,17.44,376.94,343.8,4.72,10.84,348.61,,335.96,1.49,3.81,2.85,876.62,3.63
2026-09-07 22:30,455.38,575.77,0.69,342.01,399.72,0.35,912.04,362.13,4.03,17.32,376.95,343.79,4.71,10.8,348.61,,335.96,1.49,3.81,2.85,876.62,3.6
2026-09-07 23:00,455.38,575.76,0.69,342.32,399.72,0.35,912.03,362.19,4.07,17.51,376.95,343.77,4.7,10.74,348.6,,335.94,1.49,3.79,2.83,876.64,3.6
2026-09-07 23:30,455.36,575.74,0.7,342.48,399.71,0.35,912.02,362.23,4.08,17.53,376.93,343.76,4.7,10.69,348.6,,335.93,1.5,3.77,2.81,876.63,3.6
2026-09-08 00:00,455.38,575.73,0.7,342.6,399.72,0.34,912.02,362.23,4.09,17.51,376.93,343.75,4.68,10.65,348.6,,335.93,1.5,3.77,2.81,876.66,3.65
2026-09-08 00:30,455.35,575.76,0.7,342.66,399.72,0.34,912.02,362.27,4.09,17.51,376.94,343.74,4.68,10.59,348.6,,335.93,1.5,3.77,2.79,876.64,3.75
2026-09-08 01:00,455.38,575.72,0.7,342.69,399.71,0.32,912.02,362.3,4.09,17.5,376.92,343.74,4.66,10.55,348.6,,335.91,1.5,3.75,2.79,876.6,3.88
2026-09-08 01:30,455.36,575.73,0.7,342.69,399.71,0.32,912.02,362.3,4.08,17.49,376.94,343.72,4.66,10.49,348.61,,335.9,1.5,3.75,2.81,876.6,4.01
2026-09-08 02:00,455.37,575.76,0.7,342.7,399.72,0.32,912.02,362.3,4.08,17.36,376.93,343.72,4.64,10.44,348.61,,335.9,1.5,3.77,2.85,876.61,4.11
2026-09-08 02:30,455.38,575.76,0.7,342.72,399.71,0.3,912.02,362.3,4.06,17.35,376.92,343.71,4.64,10.38,348.6,,335.88,1.5,3.79,2.88,876.62,4.21
2026-09-08 03:00,455.38,575.74,0.68,342.76,399.72,0.3,912.02,362.3,4.04,17.35,376.92,343.69,4.63,10.33,348.59,,335.87,1.48,3.81,2.92,876.58,4.3
2026-09-08 03:30,455.36,575.76,0.7,342.77,399.72,0.29,912.02,362.3,4.03,17.34,376.93,343.68,4.62,10.26,348.61,,335.87,1.48,3.83,2.96,876.57,4.38
2026-09-08 04:00,455.37,575.75,0.7,342.76,399.72,0.29,912.02,362.29,4.01,17.33,376.94,343.67,4.61,10.21,348.58,,335.86,1.48,3.83,3.0,876.63,4.44
2026-09-08 04:30,455.37,575.76,0.7,342.76,399.72,0.29,912.02,362.29,4.0,17.34,376.94,343.65,4.6,10.15,348.6,,335.86,1.48,3.87,3.04,876.62,4.51
2026-09-08 05:00,455.37,575.74,0.7,342.76,399.72,0.29,912.02,362.29,3.98,17.33,376.93,343.64,4.59,10.08,348.61,,335.87,1.48,3.88,3.08,876.61,4.55
2026-09-08 05:30,455.38,575.75,0.7,342.76,399.72,0.29,912.02,362.28,3.96,17.34,376.93,343.63,4.58,10.0,348.6,,335.86,1.48,3.9,3.12,876.62,4.59
2026-09-08 06:00,455.36,575.75,0.68,342.75,399.7,0.29,912.02,362.28,3.94,17.47,376.95,343.61,4.58,9.94,348.6,,335.87,1.48,3.92,3.15,876.61,4.63
2026-09-08 06:30,455.37,575.74,0.68,342.74,399.72,0.29,912.02,362.26,3.92,17.47,376.96,343.61,4.56,9.86,348.58,,335.87,1.48,3.92,3.17,876.62,4.67
2026-09-08 07:00,455.38,575.75,0.7,342.74,399.72,0.29,912.02,362.26,3.9,17.47,376.94,343.59,4.55,9.8,348.59,,335.87,1.48,3.94,3.19,876.61,4.69
2026-09-08 07:30,455.37,575.75,0.68,342.75,399.71,0.29,912.01,362.25,3.87,17.31,376.9,343.57,4.54,9.74,348.6,,335.88,1.48,3.96,3.21,876.6,4.71
2026-09-08 08:00,455.38,575.74,0.7,342.73,399.71,0.27,912.01,362.25,3.85,17.52,376.91,343.55,4.52,9.65,348.6,,335.88,1.48,3.96,3.23,876.61,4.73
2026-09-08 08:30,455.37,575.73,0.68,342.71,399.72,0.27,912.01,362.24,3.83,17.29,376.93,343.53,4.52,9.55,348.61,,335.88,1.48,3.96,3.23,876.58,4.73
2026-09-08 09:00,455.37,575.74,0.68,342.73,399.72,0.27,912.01,362.24,3.81,17.99,376.92,343.52,4.5,9.49,348.59,,335.88,1.48,3.98,3.25,876.61,4.76
2026-09-08 09:30,455.36,575.72,0.7,342.68,399.72,0.26,912.01,362.21,3.79,17.89,376.9,343.5,4.49,9.38,348.59,,335.87,1.48,3.98,3.25,876.57,4.76
2026-09-08 10:00,455.36,575.74,0.68,342.67,399.72,0.26,912.01,362.22,3.77,17.83,376.92,343.48,4.48,9.3,348.6,,335.86,1.48,3.98,3.26,876.6,4.76
2026-09-08 10:30,455.37,575.73,0.68,342.65,399.72,0.26,912.01,362.22,3.75,17.79,376.93,343.46,4.47,9.21,348.6,,335.86,1.48,3.98,3.26,876.61,4.78
2026-09-08 11:00,455.37,575.74,0.68,342.65,399.72,0.26,912.01,362.2,3.73,17.75,376.93,343.45,4.46,9.12,348.6,,335.86,1.48,3.98,3.26,876.62,4.78
2026-09-08 11:30,455.37,575.75,0.68,342.63,399.72,0.26,912.01,362.2,3.71,17.72,376.92,343.42,4.45,9.03,348.6,,335.83,1.48,3.98,3.28,876.63,4.78
2026-09-08 12:00,455.36,575.73,0.68,342.63,399.72,0.24,912.01,362.2,3.71,17.67,376.91,343.41,4.43,8.94,348.6,,335.83,1.48,3.98,3.28,876.64,4.78
2026-09-08 12:30,455.37,575.73,0.68,342.62,399.71,0.24,912.01,362.19,3.69,17.72,376.93,343.39,4.41,8.83,348.59,,335.81,1.48,3.98,3.28,876.64,4.78
2026-09-08 13:00,455.36,575.74,0.68,342.61,399.71,0.22,912.01,362.16,3.67,17.74,376.94,343.35,4.4,8.74,348.6,,335.8,1.48,3.98,3.28,876.64,4.77
2026-09-08 13:30,455.38,575.71,0.68,342.59,399.71,0.21,912.01,362.17,3.65,17.69,376.91,343.35,4.38,8.61,348.59,,335.8,1.48,3.98,3.28,876.63,4.77
2026-09-08 14:00,455.35,575.71,0.68,342.6,399.72,0.21,912.01,362.17,3.63,17.85,376.92,343.35,4.37,8.49,348.59,,335.77,1.48,3.98,3.28,876.61,4.77
2026-09-08 14:30,455.38,575.72,0.68,342.59,399.72,0.21,912.01,362.15,3.6,17.89,376.91,343.33,4.35,8.36,348.59,,335.77,1.48,3.97,3.28,876.64,4.75
2026-09-08 15:00,455.36,575.73,0.68,342.59,399.71,0.2,912.0,362.15,3.6,17.88,376.92,343.32,4.35,8.24,348.57,,335.75,1.48,3.97,3.26,876.65,4.74
2026-09-08 15:30,455.37,575.71,0.66,342.58,399.71,0.2,912.0,362.15,3.58,17.95,376.92,343.3,4.33,8.11,348.61,,335.74,1.48,3.95,3.26,876.64,4.74
2026-09-08 16:00,455.37,575.73,0.66,342.57,399.7,0.2,912.0,362.12,3.56,18.06,376.88,343.26,4.31,7.97,348.6,,335.74,1.48,3.95,3.26,876.64,4.72
2026-09-08 16:30,455.37,575.71,0.66,342.57,399.72,0.19,912.0,362.14,3.54,17.86,376.92,343.22,4.31,7.81,348.58,,335.72,1.48,3.95,3.24,876.66,4.72
2026-09-08 17:00,455.37,575.71,0.61,342.56,399.71,0.19,912.0,362.12,3.52,17.89,376.92,343.2,4.29,7.68,348.59,,335.71,1.48,3.93,3.24,876.62,4.7
2026-09-08 17:30,455.37,575.73,0.57,342.55,399.71,0.19,453.12,362.1,3.52,17.83,376.92,343.18,4.27,7.52,348.6,,335.71,1.46,3.93,3.24,450.34,4.7
2026-09-08 18:00,455.35,575.72,0.66,342.55,399.71,0.19,453.12,362.11,3.5,17.87,376.92,343.13,4.26,7.37,348.6,,335.71,1.46,3.91,3.22,450.31,4.7
2026-09-08 18:30,455.36,575.74,0.66,342.54,399.71,0.19,453.12,362.11,3.48,17.72,376.91,343.11,4.24,7.22,348.58,,335.71,1.46,3.91,3.22,450.35,4.68
2026-09-08 19:00,455.37,575.73,0.66,342.54,399.71,0.19,453.12,362.09,3.46,17.76,376.93,343.05,4.22,7.06,348.6,,335.69,1.46,3.91,3.22,450.34,4.68
2026-09-08 19:30,455.35,575.74,0.74,342.53,399.71,0.17,453.12,362.08,3.44,17.78,376.89,343.02,4.19,6.87,348.6,,335.69,1.46,3.89,3.2,450.31,4.66
2026-09-08 20:00,455.36,575.7,0.69,342.52,399.71,0.17,453.12,362.09,3.42,17.68,376.91,342.96,4.16,6.68,348.59,,335.68,1.46,3.89,3.2,450.35,4.64
2026-09-08 20:30,455.36,575.71,0.67,342.52,399.7,0.14,453.11,362.07,3.4,17.77,376.9,342.91,4.14,7.7,348.59,,335.68,1.46,3.89,3.18,450.32,4.64
2026-09-08 21:00,455.36,575.72,0.67,342.52,399.71,0.09,453.11,362.06,3.38,17.7,376.92,342.86,4.12,7.7,348.59,,335.68,1.46,3.87,3.18,450.33,4.62
2026-09-08 21:30,455.36,575.72,0.67,342.52,399.71,0.06,453.11,362.07,3.35,17.79,376.89,342.8,4.08,7.7,348.58,,335.66,1.46,3.87,3.16,450.32,4.62
2026-09-08 22:00,455.36,575.73,0.67,342.51,399.71,0.04,453.11,362.05,3.35,17.68,376.89,342.72,4.06,7.7,348.58,,335.66,1.46,3.85,3.16,450.34,4.6
2026-09-08 22:30,455.35,575.72,0.67,342.51,399.71,0.08,453.11,362.04,3.32,17.73,376.89,342.65,4.02,7.7,348.58,,335.65,1.46,3.85,3.14,450.34,4.59
2026-09-08 23:00,455.37,575.72,0.67,342.5,399.71,0.15,453.11,362.03,3.3,17.74,376.89,342.58,3.98,7.7,348.59,,335.65,1.46,3.83,3.14,450.35,4.58
2026-09-08 23:30,455.36,575.73,0.67,342.51,399.71,0.18,453.11,362.02,3.28,17.66,376.9,342.49,3.94,7.7,348.59,,335.63,1.46,3.81,3.12,450.28,4.58
2026-09-09 00:00,455.36,575.74,0.67,342.5,399.71,0.18,453.1,362.03,3.26,17.63,376.87,342.4,3.9,7.7,348.58,,335.62,1.46,3.81,3.12,450.3,4.56
2026-09-09 00:30,455.35,575.72,0.67,342.49,399.71,0.16,453.1,362.0,3.24,17.74,376.89,342.3,3.85,7.7,348.58,,335.61,1.46,3.79,3.1,450.29,4.54
2026-09-09 01:00,455.34,575.71,0.67,342.48,399.7,0.14,453.1,362.01,3.2,17.68,376.9,342.19,3.81,7.7,348.59,,335.59,1.46,3.77,3.08,450.29,4.54
2026-09-09 01:30,455.36,575.73,0.67,342.47,399.7,0.14,453.1,361.99,3.18,17.74,376.86,342.08,3.75,7.7,348.58,,335.58,1.46,3.77,3.08,450.31,4.52
2026-09-09 02:00,455.35,575.73,0.67,342.47,399.72,0.13,453.1,362.0,3.16,17.78,376.89,341.96,3.69,7.7,348.57,,335.56,1.46,3.75,3.06,450.3,4.5
2026-09-09 02:30,455.36,575.72,0.67,342.47,399.7,0.13,453.1,361.98,3.12,17.64,376.88,341.83,3.62,7.7,348.58,,335.55,1.46,3.75,3.06,450.31,4.49
2026-09-09 03:00,455.36,575.73,0.67,342.47,399.69,0.11,453.1,361.97,3.08,17.74,376.89,341.71,3.56,7.7,348.59,,335.55,1.46,3.73,3.04,450.3,4.47
2026-09-09 03:30,455.35,575.71,0.67,342.46,399.72,0.11,453.1,361.97,3.03,17.83,376.88,341.58,3.48,7.7,348.59,,335.52,1.46,3.71,3.02,450.26,4.47
2026-09-09 04:00,455.36,575.72,0.67,342.46,399.7,0.11,453.1,361.95,2.97,17.73,376.88,341.46,3.42,7.7,348.58,,335.5,1.46,3.71,3.02,450.29,4.45
2026-09-09 04:30,455.37,575.72,0.67,342.44,399.7,0.11,453.1,361.94,2.85,17.66,376.89,341.34,3.35,7.7,348.58,,335.49,1.46,3.69,3.0,450.27,4.43
2026-09-09 05:00,455.34,575.72,0.67,342.43,399.71,0.09,453.1,361.91,2.65,17.67,376.87,341.24,3.27,7.7,348.59,,335.46,1.46,3.67,3.0,450.33,4.41
2026-09-09 05:30,455.35,575.72,0.67,342.42,399.71,0.09,453.1,361.87,2.35,17.57,376.87,341.15,3.19,7.7,348.58,,335.46,1.46,3.65,2.98,450.3,4.39
2026-09-09 06:00,455.34,575.72,0.66,342.41,399.7,0.09,453.1,361.81,2.02,17.73,376.89,341.05,3.12,7.7,348.58,,335.43,1.46,3.65,2.96,450.29,4.39
2026-09-09 06:30,455.35,575.71,0.66,342.4,399.7,0.09,453.1,361.75,1.77,17.64,376.86,340.99,3.06,7.7,348.57,,335.43,1.46,3.62,2.96,450.28,4.37
2026-09-09 07:00,455.34,575.7,0.66,342.37,399.7,0.11,453.1,361.68,1.62,17.74,376.88,340.91,2.98,3.3,348.59,,335.4,1.46,3.6,2.94,450.3,4.35
2026-09-09 07:30,455.35,575.71,0.66,342.33,399.71,0.11,453.1,361.6,1.54,17.59,376.88,340.86,2.92,3.3,348.57,,335.38,1.46,3.58,2.92,450.27,4.33
2026-09-09 08:00,455.35,575.72,0.65,342.29,399.71,0.13,453.1,361.52,1.5,17.59,376.9,340.8,2.85,3.3,348.59,,335.36,1.46,3.56,2.9,450.29,4.29
2026-09-09 08:30,455.34,575.7,0.57,342.3,399.71,0.14,453.1,361.46,1.5,17.6,376.9,340.75,2.79,3.3,348.59,,335.34,1.46,3.54,2.88,450.27,4.27
2026-09-09 09:00,455.35,575.71,0.64,342.27,399.71,0.14,453.1,361.4,1.5,17.47,376.89,340.71,2.73,3.3,348.57,,335.31,1.46,3.52,2.87,450.3,4.24
2026-09-09 09:30,455.35,575.7,0.66,342.24,399.71,0.14,453.1,361.36,1.48,17.76,376.9,340.68,2.67,3.3,348.57,,335.3,1.46,3.5,2.85,450.29,4.18
2026-09-09 10:00,455.35,575.7,0.65,342.18,399.71,0.14,453.1,361.33,1.48,17.46,376.88,340.65,2.63,3.3,348.57,,335.25,1.46,3.46,2.83,450.32,4.14
2026-09-09 10:30,455.36,655.35,0.65,342.15,399.71,0.14,453.1,361.28,1.48,17.56,376.89,340.63,2.58,3.3,348.58,,335.22,1.46,3.44,2.79,450.33,4.08
2026-09-09 11:00,455.34,655.35,0.65,342.11,399.7,0.14,453.09,361.27,1.48,17.47,376.9,340.61,2.54,3.3,348.58,,335.18,1.46,3.4,2.77,450.27,4.02
2026-09-09 11:30,455.35,655.35,0.65,342.06,399.71,0.13,453.09,361.25,1.48,17.56,376.89,340.59,2.5,3.3,348.56,,335.15,1.46,3.37,2.73,450.27,3.98
2026-09-09 12:00,455.36,655.35,0.66,342.02,399.71,0.11,453.09,361.24,1.48,17.61,376.9,340.58,2.46,3.3,348.55,,335.11,1.46,3.33,2.71,450.28,3.9
2026-09-09 12:30,455.35,655.35,0.65,341.99,399.71,0.06,453.09,361.24,1.48,17.54,376.88,340.56,2.44,3.3,348.57,,335.08,1.46,3.29,2.67,450.29,3.85
2026-09-09 13:00,455.34,655.35,0.65,341.97,399.71,0.04,453.09,361.24,1.48,17.51,376.89,340.54,2.4,3.3,348.59,,335.02,1.46,3.25,2.63,450.33,3.79
2026-09-09 13:30,455.35,655.35,0.71,341.96,399.71,0.04,453.09,361.24,1.48,17.51,376.88,340.53,2.37,3.3,348.58,,334.99,1.45,3.21,2.6,450.3,3.73
2026-09-09 14:00,455.34,655.35,0.71,341.94,399.7,0.07,453.09,361.24,1.48,17.55,376.88,340.52,2.35,3.3,348.57,,334.93,1.45,3.17,2.58,450.26,3.69
2026-09-09 14:30,455.34,655.35,0.65,341.93,399.7,0.07,453.1,361.24,1.48,17.52,376.88,340.5,2.33,3.3,348.56,,334.9,1.45,3.13,2.54,450.34,3.62
2026-09-09 15:00,455.34,655.35,0.65,341.93,399.71,0.09,453.1,361.24,1.48,17.49,376.88,340.48,2.31,3.3,348.56,,334.84,1.45,3.1,2.5,450.31,3.58
2026-09-09 15:30,455.35,575.71,0.65,341.92,399.71,0.1,453.1,361.24,1.48,17.49,376.87,340.47,2.29,3.3,348.54,,334.8,1.45,3.04,2.48,450.31,3.54
2026-09-09 16:00,455.34,575.7,0.65,341.91,399.7,0.1,453.1,361.24,1.48,17.5,376.89,340.47,2.27,3.3,348.57,,334.77,1.45,3.0,2.44,450.3,3.48
2026-09-09 16:30,455.34,575.71,0.65,341.91,399.72,0.12,453.1,361.23,1.48,17.51,376.87,340.45,2.27,3.3,348.57,,334.72,1.45,2.96,2.42,450.28,3.44
2026-09-09 17:00,455.35,575.7,0.68,341.9,399.7,0.15,453.09,361.22,1.48,17.62,376.88,340.45,2.25,3.3,348.55,,334.68,1.45,2.92,2.38,450.27,3.4
2026-09-09 17:30,455.35,575.68,0.68,341.9,399.71,0.18,453.09,361.22,1.48,17.53,376.87,340.44,2.23,3.3,348.59,,334.65,1.45,2.88,2.37,450.28,3.35
2026-09-09 18:00,455.35,575.67,0.66,341.9,399.7,0.2,453.09,361.22,1.48,17.51,376.9,340.43,2.23,2.9,348.55,,334.61,1.45,2.85,2.33,450.34,3.33
2026-09-09 18:30,455.35,575.69,0.66,341.9,399.71,0.19,453.09,361.22,1.48,17.49,376.9,340.41,2.21,2.9,348.56,,334.56,1.45,2.81,2.31,450.27,3.29
2026-09-09 19:00,455.35,575.7,0.65,341.88,399.72,0.16,453.09,361.22,1.48,17.83,376.87,340.41,2.21,2.9,348.57,,334.52,1.45,2.77,2.29,450.28,3.25
2026-09-09 19:30,455.36,575.7,0.65,341.88,399.71,0.16,453.09,361.22,1.48,17.88,376.9,340.42,2.19,2.9,348.56,,334.49,1.45,2.73,2.27,450.27,3.23
2026-09-09 20:00,455.34,575.72,0.65,341.87,399.7,0.14,453.09,361.22,1.48,17.67,376.88,340.4,2.19,2.9,348.57,,334.44,1.45,2.69,2.27,450.31,3.19
2026-09-09 20:30,455.36,575.72,0.65,341.87,399.71,0.15,453.09,361.22,1.48,17.87,376.84,340.41,2.19,2.9,348.56,,334.41,1.45,2.67,2.25,450.25,3.17
2026-09-09 21:00,455.35,575.71,0.65,341.87,399.71,0.18,453.09,361.22,1.48,17.9,376.89,340.39,2.19,2.9,348.56,,334.37,1.45,2.62,2.25,450.28,3.15
2026-09-09 21:30,455.35,575.73,0.65,341.88,399.72,0.18,453.09,361.22,1.48,18.55,376.9,340.4,2.17,2.9,348.57,,334.34,1.45,2.6,2.23,450.27,3.12
2026-09-09 22:00,455.35,655.35,0.65,341.88,399.75,0.18,453.1,361.22,1.48,18.49,376.89,340.4,2.17,2.9,348.57,,334.31,1.44,2.56,2.23,450.26,3.1
2026-09-09 22:30,455.34,655.35,0.66,341.85,399.76,0.17,453.09,361.22,1.48,18.26,376.89,340.37,2.17,2.9,348.54,,334.28,1.46,2.54,2.21,450.26,3.08
2026-09-09 23:00,455.34,655.35,0.66,341.86,399.76,0.18,453.1,361.21,1.48,18.31,376.89,340.4,2.2,17.06,348.56,,334.25,1.55,2.52,2.21,450.25,3.06
2026-09-09 23:30,455.36,655.35,0.68,341.87,399.73,0.2,453.12,361.22,1.48,17.46,376.9,340.5,2.32,29.04,348.57,,334.24,1.55,2.51,2.21,450.3,3.06
2026-09-10 00:00,455.34,655.35,0.68,341.88,399.79,0.22,453.13,361.24,1.48,17.47,376.97,340.62,2.38,34.16,348.6,,334.24,1.55,2.51,2.23,450.29,3.08
2026-09-10 00:30,455.34,655.35,0.7,341.88,399.75,0.25,453.14,361.22,1.5,17.45,377.11,340.77,2.44,38.11,348.6,,334.22,1.55,2.53,2.25,450.38,3.08
2026-09-10 01:00,455.38,655.35,0.7,341.85,399.8,0.3,453.18,361.26,1.52,17.51,377.15,340.9,2.52,42.61,348.59,,334.22,1.56,2.53,2.27,450.41,3.08
2026-09-10 01:30,455.4,655.35,0.74,341.81,399.88,0.36,453.19,361.24,1.54,17.54,377.15,341.13,2.65,48.01,348.63,,334.22,1.59,2.55,2.29,450.47,3.1
2026-09-10 02:00,455.4,655.35,0.83,341.86,399.94,0.46,453.23,361.26,1.57,17.53,377.19,341.37,2.77,52.29,348.65,,334.25,1.67,2.59,2.33,450.58,3.13
2026-09-10 02:30,455.45,655.35,0.91,341.96,400.04,0.58,453.29,361.28,1.63,17.56,377.22,341.64,2.94,56.48,348.67,,334.26,1.71,2.63,2.4,450.62,3.17
2026-09-10 03:00,455.45,655.35,0.99,341.99,400.4,0.76,453.37,361.33,1.71,17.4,377.43,341.88,3.1,60.66,348.71,,334.28,1.82,2.69,2.46,450.61,3.23
2026-09-10 03:30,455.47,655.35,1.07,342.07,400.81,0.95,453.47,361.36,1.82,17.49,377.5,342.12,3.27,2.9,348.73,,334.32,1.92,2.73,2.54,450.63,3.27
2026-09-10 04:00,455.55,655.35,1.11,342.13,400.81,1.07,453.56,361.41,1.92,17.52,377.59,342.32,3.42,63.68,348.79,,334.34,2.04,2.79,2.62,450.63,3.35
2026-09-10 04:30,455.59,655.35,1.11,342.17,400.78,1.15,453.64,361.45,2.02,17.54,377.71,342.51,3.6,63.68,348.85,,334.39,2.21,2.83,2.69,450.59,3.4
2026-09-10 05:00,455.59,655.35,1.09,342.19,400.71,1.25,453.73,361.51,2.1,17.56,377.74,342.7,3.73,63.68,348.87,,334.45,2.42,2.85,2.75,450.53,3.46
2026-09-10 05:30,455.56,655.35,1.07,342.22,400.7,1.3,453.84,361.58,2.17,17.58,377.8,342.89,3.88,63.68,348.89,,334.48,2.65,2.88,2.79,450.49,3.52
2026-09-10 06:00,455.57,655.35,1.04,342.26,400.6,1.36,453.92,361.66,2.23,17.61,377.82,343.1,4.03,63.68,348.89,,334.54,2.83,2.9,2.85,450.48,3.6
2026-09-10 06:30,455.59,655.35,1.02,342.31,400.46,1.36,454.0,361.73,2.31,17.59,377.91,343.34,4.19,2.9,348.94,,334.6,2.94,2.92,2.92,450.46,3.65
2026-09-10 07:00,455.51,655.35,1.0,342.35,400.41,1.36,454.04,361.76,2.35,17.54,377.97,343.56,4.34,7.0,348.93,,334.66,2.98,2.96,3.0,450.45,3.69
2026-09-10 07:30,455.58,655.35,0.97,342.41,400.32,1.34,454.09,361.79,2.4,17.53,378.03,343.73,4.5,7.0,348.96,,334.7,2.98,2.98,3.1,450.45,3.73
2026-09-10 08:00,455.57,655.35,0.96,342.45,400.28,1.31,454.1,361.81,2.42,17.54,378.06,343.88,4.65,7.0,349.01,,334.76,2.94,3.02,3.23,450.43,3.79
2026-09-10 08:30,455.56,655.35,0.94,342.49,400.21,1.29,454.09,361.81,2.44,17.56,378.11,343.98,4.8,7.0,349.01,,334.82,2.87,3.06,3.35,450.42,3.84
2026-09-10 09:00,455.53,655.35,0.92,342.5,400.17,1.27,454.07,361.81,2.44,17.53,378.06,344.04,4.92,7.0,349.02,,334.89,2.77,3.1,3.46,450.42,3.9
2026-09-10 09:30,455.54,655.35,0.91,342.51,400.13,1.25,454.02,361.81,2.46,17.51,378.13,344.1,5.05,7.0,349.05,,334.95,2.73,3.17,3.58,450.43,3.96
2026-09-10 10:00,455.53,655.35,0.91,342.51,400.1,1.21,453.96,361.79,2.44,17.5,378.16,344.13,5.13,8.48,349.04,,335.01,2.73,3.21,3.67,450.39,4.03
2026-09-10 10:30,455.5,655.35,0.9,342.51,400.09,1.19,453.9,361.79,2.44,17.49,378.1,344.14,5.22,8.54,349.08,,335.06,2.73,3.29,3.75,450.4,4.09
2026-09-10 11:00,455.49,655.35,0.88,342.5,400.06,1.18,453.83,361.79,2.42,17.51,378.14,344.14,5.28,8.7,349.06,,335.13,2.73,3.33,3.81,450.4,4.13
2026-09-10 11:30,455.49,655.35,0.88,342.49,400.03,1.16,453.77,361.78,2.4,17.55,378.15,344.13,5.34,8.85,349.03,,335.2,2.73,3.4,3.85,450.4,4.19
2026-09-10 12:00,455.49,655.35,0.88,342.48,400.03,1.14,453.72,361.77,2.38,17.55,378.14,344.12,5.4,8.97,349.03,,335.26,2.73,3.46,3.88,450.39,4.23
2026-09-10 12:30,455.47,655.35,0.88,342.47,399.99,1.13,453.68,361.75,2.35,17.57,378.13,344.12,5.43,9.09,348.94,,335.34,2.73,3.54,3.91,450.41,4.26
2026-09-10 13:00,455.46,655.35,0.86,342.46,399.99,1.13,453.63,361.73,2.27,17.57,378.11,343.63,5.48,9.38,348.98,,335.41,2.73,3.6,3.93,450.4,4.3
2026-09-10 13:30,455.45,655.35,0.86,342.44,399.97,1.11,453.59,361.73,1.85,17.67,378.1,343.27,5.47,9.57,348.93,,335.48,2.73,3.65,3.93,450.39,4.32
2026-09-10 14:00,455.44,655.35,0.86,342.43,400.0,1.11,453.56,361.68,1.44,17.59,378.11,342.99,5.43,9.76,348.92,,335.54,2.73,3.71,3.93,450.4,4.34
2026-09-10 14:30,455.46,655.35,0.85,342.42,399.98,1.09,453.54,361.63,1.18,17.62,378.1,342.74,5.35,9.91,348.91,,335.62,2.73,3.76,3.93,450.39,4.36
2026-09-10 15:00,455.45,655.35,0.84,342.4,399.97,1.09,453.52,361.55,1.04,17.59,378.03,342.53,5.25,10.06,348.91,,335.69,2.73,3.82,3.93,450.37,4.38
2026-09-10 15:30,455.42,655.35,0.84,342.38,399.97,1.09,453.49,361.44,0.98,17.59,378.0,342.34,5.16,10.17,348.9,,335.76,1.02,3.88,3.93,450.4,4.4
2026-09-10 16:00,455.46,655.35,0.84,342.36,399.94,1.07,453.47,361.36,0.94,17.57,378.02,342.2,5.06,10.28,348.9,,335.81,1.31,3.92,3.91,450.38,4.42
2026-09-10 16:30,455.4,655.35,0.82,342.28,399.93,1.06,453.46,361.27,0.92,17.82,377.95,342.08,4.97,10.37,348.91,,335.88,1.28,3.98,3.89,450.4,4.42
2026-09-10 17:00,455.42,655.35,0.82,342.24,399.96,1.06,453.44,361.19,0.92,17.83,378.03,341.96,4.89,10.42,348.9,,335.95,1.26,4.02,3.89,450.38,4.42
2026-09-10 17:30,455.42,655.35,0.82,342.16,399.96,1.04,453.43,361.15,0.9,17.82,377.99,341.84,4.79,10.5,348.89,,336.01,2.79,4.07,3.87,450.38,4.42
2026-09-10 18:00,455.42,655.35,0.82,342.11,399.94,1.04,453.41,361.11,0.9,17.82,378.0,341.75,4.72,10.57,348.87,,336.07,1.23,4.11,3.86,450.37,4.42
2026-09-10 18:30,455.42,655.35,0.8,342.05,399.94,1.04,453.4,361.08,0.9,17.86,377.93,341.66,4.64,10.64,348.89,,336.13,1.23,4.15,3.84,450.38,4.41
2026-09-10 19:00,455.41,655.35,0.8,341.99,399.95,1.02,453.38,361.06,0.88,17.8,377.91,341.57,4.56,10.73,348.87,,336.19,1.21,4.19,3.82,450.39,4.39
2026-09-10 19:30,455.4,655.35,0.8,341.94,399.9,1.02,453.37,361.05,0.88,17.81,377.93,341.49,4.47,10.79,348.85,,336.23,1.21,4.21,3.8,450.4,4.37
2026-09-10 20:00,455.39,655.35,0.8,341.91,399.93,1.02,453.36,361.03,0.88,17.82,377.86,341.41,4.41,10.85,348.85,,336.26,1.19,4.25,3.78,450.4,4.35
2026-09-10 20:30,455.42,655.35,0.79,341.88,399.93,1.0,453.36,361.03,0.88,17.88,377.84,341.34,4.33,10.92,348.84,,336.31,1.18,4.26,3.76,450.4,4.31
2026-09-10 21:00,455.4,655.35,0.78,341.84,399.92,1.0,453.35,361.02,0.88,17.78,377.8,341.27,4.25,10.97,348.82,,336.32,1.18,4.28,3.74,450.4,4.29
2026-09-10 21:30,455.4,655.35,0.79,341.79,399.93,1.0,453.33,361.02,0.88,17.78,377.76,341.19,4.18,11.03,348.83,,336.35,1.16,4.3,3.7,450.37,4.25
2026-09-10 22:00,455.38,655.35,0.79,341.82,399.89,1.0,453.32,361.01,0.88,17.53,377.77,341.12,4.12,11.07,348.83,,336.37,1.16,4.3,3.68,450.4,4.22
2026-09-10 22:30,455.38,655.35,0.78,341.8,399.91,0.98,453.32,361.01,0.87,17.54,377.76,341.06,4.04,11.13,348.82,,336.38,1.14,4.31,3.66,450.41,4.2
2026-09-10 23:00,455.41,655.35,0.78,341.77,399.92,0.98,453.31,361.0,0.87,17.53,377.73,340.97,3.98,11.16,348.8,,336.41,1.12,4.31,3.64,450.4,4.17
2026-09-10 23:30,455.39,655.35,0.78,341.76,399.91,0.96,453.31,361.0,0.87,17.54,377.69,340.93,3.94,11.2,348.82,,336.42,1.12,4.32,3.62,450.39,4.16
2026-09-11 00:00,455.39,655.35,0.79,341.77,399.91,0.97,453.32,361.01,0.87,17.52,377.64,340.9,3.87,11.25,348.81,,336.41,1.14,4.32,3.58,450.38,4.14
2026-09-11 00:30,455.42,655.35,0.79,341.77,399.89,0.97,453.32,361.01,0.89,17.48,377.64,340.84,3.81,11.29,348.81,,336.4,1.14,4.32,3.56,450.43,4.12
2026-09-11 01:00,455.41,655.35,0.81,341.77,399.89,0.97,453.33,361.01,0.89,17.5,377.67,340.78,3.75,11.32,348.79,,336.4,1.14,4.31,3.56,450.44,4.1
2026-09-11 01:30,455.43,655.35,0.83,341.75,399.89,0.97,453.35,361.02,0.89,17.55,377.64,340.74,3.69,11.37,348.81,,336.38,1.12,4.3,3.54,450.45,4.08
2026-09-11 02:00,455.46,655.35,0.83,341.75,399.87,0.99,453.35,361.03,0.91,17.54,377.62,340.69,3.63,11.41,348.8,,336.36,1.12,4.29,3.52,450.46,4.08
2026-09-11 02:30,455.45,655.35,0.85,341.76,399.91,0.99,453.39,361.03,0.91,17.55,377.64,340.65,3.58,11.44,348.8,,336.34,1.12,4.29,3.5,450.44,4.06
2026-09-11 03:00,455.46,655.35,0.85,341.76,399.92,1.01,453.41,361.04,0.93,17.56,377.59,340.59,3.54,11.48,348.78,,336.33,1.14,4.28,3.48,450.44,4.04
2026-09-11 03:30,455.51,655.35,0.87,341.76,399.9,1.03,453.44,361.04,0.93,17.54,377.58,340.55,3.48,11.51,348.79,,336.3,1.16,4.27,3.46,450.42,4.04
2026-09-11 04:00,455.52,655.35,0.87,341.76,399.91,1.03,453.47,361.04,0.93,17.56,377.56,340.52,3.44,11.56,348.8,,336.27,1.18,4.25,3.44,450.43,4.02
2026-09-11 04:30,455.57,655.35,0.87,341.76,399.89,1.03,453.48,361.03,0.93,17.76,377.59,340.47,3.39,11.6,348.81,,336.25,1.21,4.21,3.42,450.42,4.0
2026-09-11 05:00,455.57,655.35,0.87,341.78,399.89,1.13,453.51,361.06,0.93,17.6,377.55,340.43,3.35,11.62,348.8,,336.23,1.27,4.22,3.42,450.43,3.98
2026-09-11 05:30,455.62,655.35,0.87,341.82,399.9,1.13,453.54,361.09,0.93,17.87,377.55,340.4,3.31,11.67,348.79,,336.21,1.29,4.2,3.4,450.42,4.0
2026-09-11 06:00,455.61,655.35,0.87,341.87,399.87,1.15,453.55,361.1,0.93,17.6,377.56,340.36,3.27,11.69,348.79,,336.18,1.34,4.18,3.4,450.43,3.98
2026-09-11 06:30,455.6,655.35,0.87,341.92,399.87,1.15,453.57,361.1,0.93,17.59,377.56,340.33,3.23,11.73,348.79,,336.15,1.42,4.16,3.4,450.44,3.98
2026-09-11 07:00,455.6,655.35,0.87,341.97,399.88,1.15,453.58,361.1,0.93,17.58,377.56,340.3,3.19,11.76,348.79,,336.12,1.63,4.14,3.42,450.4,3.98
2026-09-11 07:30,455.58,655.35,0.87,341.98,399.88,1.15,453.59,361.1,0.93,17.59,377.51,340.26,3.15,11.79,348.79,,336.09,1.84,4.12,3.46,450.41,3.98
2026-09-11 08:00,455.6,655.35,0.85,342.03,399.87,1.15,453.58,361.1,0.93,17.6,377.54,340.23,3.12,11.81,348.78,,336.06,2.0,4.1,3.5,450.44,4.0
2026-09-11 08:30,455.59,655.35,0.85,342.08,399.87,1.15,453.58,361.1,0.92,17.53,377.45,340.19,3.08,11.85,348.8,,336.03,2.08,4.08,3.54,450.47,4.01
2026-09-11 09:00,455.61,655.35,0.86,342.02,399.87,1.15,453.59,361.09,0.92,17.47,377.52,340.17,3.04,11.88,348.81,,336.0,2.1,4.06,3.59,450.5,4.01
2026-09-11 09:30,455.61,655.35,0.88,342.0,399.87,1.15,453.59,361.09,0.94,17.48,377.57,340.11,3.02,11.89,348.83,,335.96,2.06,4.04,3.63,450.55,4.03
2026-09-11 10:00,455.73,655.35,0.9,342.0,399.9,1.15,453.59,361.08,0.96,17.48,377.56,340.1,2.98,11.94,348.82,,335.93,1.98,4.02,3.67,450.52,4.03
2026-09-11 10:30,455.83,655.35,0.91,342.01,400.0,1.13,453.59,361.06,0.97,17.51,377.53,340.09,2.96,11.98,348.82,,335.9,2.01,4.02,3.71,450.51,4.03
2026-09-11 11:00,455.98,655.35,0.91,341.99,400.12,1.13,453.61,361.08,0.99,17.53,377.55,340.09,2.96,12.0,348.83,,335.86,1.95,4.0,3.73,450.53,4.05
2026-09-11 11:30,,,,,,,,,,,,,,,,,,,,,,
2026-09-11 12:00,,,,,,,,,,,,,,,,,,,,,,
2026-09-11 12:30,455.97,655.35,1.1,341.98,400.94,1.25,454.04,361.2,1.17,17.46,378.01,340.23,3.11,12.14,348.91,,335.84,2.04,4.11,3.88,450.81,4.25
2026-09-11 13:00,456.09,655.35,1.18,342.08,401.0,1.32,454.24,361.29,1.23,17.43,378.33,340.57,3.26,12.2,349.03,,335.83,3.08,4.21,3.96,450.87,4.32
2026-09-11 13:06,456.06,655.35,1.21,342.09,401.01,1.32,454.28,361.31,1.23,17.42,378.37,340.63,3.3,12.23,349.02,,335.87,3.08,4.23,4.0,450.88,4.34
2026-09-11 13:30,456.14,655.35,1.25,342.18,401.13,1.36,454.41,361.37,1.27,17.43,378.52,340.83,3.44,12.31,349.08,,335.89,3.21,4.28,4.07,450.9,4.42
2026-09-11 14:00,456.4,655.35,1.25,342.3,401.18,1.44,454.56,361.46,1.31,17.44,378.61,341.26,3.63,12.42,349.12,,335.92,3.55,4.36,4.17,450.87,4.55
2026-09-11 14:30,456.53,655.35,1.27,342.35,401.34,1.54,454.71,361.52,1.31,17.45,378.88,341.76,3.87,12.54,349.15,,335.95,3.94,4.42,4.28,450.84,4.67
